Date,Unemployment Rate,CPI,Three Month T Bill Rate,Six Month T Bill Rate,10-Year Treasury Constant Maturity Rate,Fed Rate,BBB Rate,SP500 Index,GDP,Initial Claims,JPY/USD Spot Rate,Total Nonfarm Employees,Spot Crude Oil Price,SP500 Open,SP500 High,SP500 Volume,NASDAQ High,NASDAQ Low,NASDAQ Adj Close,NASDAQ Volume,DJI High,DJI Low,DJI Adj Close,DJI Volume,RUSSELL2000 High,RUSSELL2000 Low,RUSSELL2000 Adj Close,RUSSELL2000 Volume,FTSE High,FTSE Low,FTSE Adj Close,FTSE Volume,NIKKEI High,NIKKEI Low,NIKKEI Adj Close,NIKKEI Volume,GOLD High,GOLD Low,GOLD Adj Close,GOLD Volume,USD INDEX Open,USD INDEX High,USD INDEX Low,USD INDEX Close,USD INDEX Adj Close,OIL High,OIL Low,OIL Adj Close,OIL Volume,VIX,Next Month VIX,DJI High Minus Low,NASDAQ High Minus Low,GOLD High Minus Low,OIL High Minus Low,FTSE High Minus Low,NIKKEI High Minus Low,RUSSELL2000 High Minus Low
2014-10-01,5.7,237.43,0.02,0.05,2.3,0.09,3.5,2006.35,17912.079,1155000,108.03,139804,84.4,1971.43994140625,2018.18994140625,93714040000,4641.509765625,4116.60009765625,4630.740234375,50136190000,17395.5390625,15855.1201171875,17390.51953125,2903240000,1174.3299560546875,1040.469970703125,1173.510009765625,93694040000,6622.7998046875,6072.7001953125,6546.5,20158414000,16533.91015625,14529.0302734375,16413.759765625,3436700000,120.5,111.66000366210938,112.66000366210938,155183900,85.91000366210938,87.12999725341797,84.47000122070312,86.87999725341797,86.87999725341797,279.8399963378906,241.27999877929688,245.0399932861328,22051206,16.53,13.33,1540.4189453125,524.90966796875,8.839996337890625,38.55999755859375,550.099609375,2004.8798828125,133.8599853515625
2014-11-01,5.8,236.983,0.02,0.07,2.33,0.09,3.63,2039.82,17912.079,1458000,116.3,140088,75.79,2018.2099609375,2075.760009765625,63600190000,4810.85986328125,4594.919921875,4791.6298828125,32967990000,17894.830078125,17278.359375,17828.240234375,1516490000,1191.760009765625,1151.97998046875,1173.22998046875,63570190000,6773.10009765625,6444.89990234375,6722.60009765625,14266358300,17520.5390625,16713.369140625,17459.849609375,3155400000,115.95999908447266,109.66999816894533,112.11000061035156,147594200,87.08000183105469,88.44000244140625,86.87999725341797,88.36000061035156,88.36000061035156,245.75999450683597,203.67999267578125,204.63999938964844,26087667,13.33,15.155,616.470703125,215.93994140625,6.2900009155273295,42.080001831054716,328.2001953125,807.169921875,39.780029296875
2014-12-01,5.6,236.252,0.03,0.11,2.21,0.12,3.78,2063.8900000000003,17912.079,1138000,119.32,140366,59.29,2065.780029296875,2093.550048828125,80743820000,4814.9501953125,4547.31005859375,4736.0498046875,39587090000,18103.44921875,17067.58984375,17823.0703125,2216900000,1221.43994140625,1134.510009765625,1204.699951171875,80713820000,6753.2001953125,6144.7001953125,6566.10009765625,13989469200,18030.830078125,16672.939453125,17450.76953125,2962900000,118.98999786376952,112.41000366210938,113.58000183105467,153722200,88.2300033569336,90.33000183105467,87.62999725341797,90.2699966430664,90.2699966430664,211.1199951171875,158.72000122070312,162.8800048828125,60335993,15.155,19.455,1035.859375,267.64013671875,6.579994201660142,52.399993896484375,608.5,1357.890625,86.929931640625
2015-01-01,5.7,234.747,0.03,0.08,1.88,0.11,3.64,2024.465,18063.529,1438000,118.25,140562,47.22,2058.89990234375,2072.360107421875,77330040000,4777.009765625,4563.10986328125,4635.240234375,38719030000,17951.779296875,17136.30078125,17164.94921875,2173260000,1212.800048828125,1151.300048828125,1165.3900146484375,77300040000,6865.0,6298.2001953125,6749.39990234375,15644596100,17850.58984375,16592.5703125,17674.390625,2691500000,125.58000183105467,112.31999969482422,123.4499969482422,198034100,90.36000061035156,95.4800033569336,90.33000183105467,94.8000030517578,94.8000030517578,162.8000030517578,130.39999389648438,142.55999755859375,83013319,19.455,15.45,815.478515625,213.89990234375,13.260002136230455,32.40000915527344,566.7998046875,1258.01953125,61.5
2015-02-01,5.5,235.342,0.02,0.07,1.98,0.11,3.65,2096.99,18063.529,1205000,118.76,140831,50.58,1996.6700439453125,2119.590087890625,68775560000,4989.25,4580.4599609375,4963.52978515625,35773090000,18244.380859375,17037.759765625,18132.69921875,1751250000,1239.6700439453125,1153.7900390625,1233.3699951171875,68775560000,6967.2001953125,6732.0,6946.7001953125,14358563900,18865.390625,17271.869140625,18797.939453125,2975400000,123.16000366210938,114.29000091552734,116.16000366210938,125686200,94.83999633789062,95.36000061035156,93.25,95.25,95.25,162.32000732421875,140.63999938964844,144.8000030517578,93894742,15.45,15.065,1206.62109375,408.7900390625,8.870002746582031,21.680007934570312,235.2001953125,1593.521484375,85.8800048828125
2015-03-01,5.4,235.976,0.03,0.11,2.04,0.11,3.56,2080.31,18063.529,1136000,120.39,140925,47.82,2105.22998046875,2117.52001953125,76675850000,5042.14013671875,4825.93017578125,4900.8798828125,41204240000,18288.630859375,17579.26953125,17776.119140625,2470480000,1268.1600341796875,1206.1099853515625,1252.77001953125,76675850000,7065.10009765625,6693.7998046875,6773.0,17391381400,19778.599609375,18577.060546875,19206.990234375,3191800000,116.63999938964844,109.7699966430664,113.66000366210938,133483100,95.26000213623048,100.38999938964844,95.05999755859376,98.36000061035156,98.36000061035156,152.8000030517578,124.87999725341795,134.72000122070312,82544019,15.065,13.3,709.361328125,216.2099609375,6.870002746582031,27.920005798339858,371.30029296875,1201.5390625,62.050048828125
2015-04-01,5.4,236.222,0.02,0.09,1.94,0.12,3.41,2097.29,18279.784,1144000,119.51,141202,54.45,2067.6298828125,2125.919921875,72060940000,5119.830078125,4844.39013671875,4941.419921875,37409760000,18175.560546875,17585.009765625,17840.51953125,2174880000,1278.6300048828125,1216.0999755859375,1220.1300048828125,69440940000,7122.7001953125,6765.39990234375,6960.60009765625,14644991100,20252.119140625,18927.94921875,19520.009765625,3047400000,117.47000122070312,112.7699966430664,113.47000122070312,106636600,98.41999816894533,99.98999786376952,94.4000015258789,94.5999984741211,94.5999984741211,164.39999389648438,135.44000244140625,164.0800018310547,72098881,13.3,13.075,590.55078125,275.43994140625,4.700004577636719,28.959991455078125,357.30029296875,1324.169921875,62.530029296875
2015-05-01,5.6,237.001,0.02,0.08,2.2,0.12,3.63,2115.295,18279.784,1370000,120.8,141539,59.27,2087.3798828125,2134.719970703125,65187730000,5111.5400390625,4888.169921875,5070.02978515625,35994540000,18351.359375,17733.119140625,18010.6796875,1832450000,1261.02001953125,1211.1300048828125,1246.530029296875,65187730000,7083.7001953125,6810.10009765625,6984.39990234375,15318287400,20655.330078125,19257.849609375,20563.150390625,3291500000,117.87999725341795,112.27999877929688,114.0999984741211,99097100,94.83000183105467,97.77999877929688,93.12999725341795,96.91000366210938,96.91000366210938,172.0,152.72000122070312,162.47999572753906,53634529,13.075,14.015,618.240234375,223.3701171875,5.5999984741210795,19.279998779296875,273.60009765625,1397.48046875,49.8900146484375
2015-06-01,5.3,237.657,0.02,0.09,2.36,0.13,3.85,2101.9,18279.784,1095000,123.72,141695,59.82,2108.639892578125,2129.8701171875,73213980000,5164.35986328125,4956.22998046875,4986.8701171875,41338820000,18188.810546875,17576.5,17619.509765625,2219240000,1296.0,1238.6500244140625,1253.949951171875,73192620000,7037.60009765625,6521.0,6521.0,16012377600,20952.7109375,19990.55078125,20235.73046875,3459500000,115.61000061035156,111.56999969482422,112.37000274658205,110267600,96.88999938964844,97.68000030517578,93.55999755859376,95.48999786376952,95.48999786376952,166.39999389648438,153.83999633789062,159.0399932861328,41671618,14.015,13.405,612.310546875,208.1298828125,4.040000915527344,12.55999755859375,516.60009765625,962.16015625,57.3499755859375
2015-07-01,5.2,238.034,0.03,0.12,2.32,0.13,3.9,2100.875,18401.626,1111000,123.31,141989,50.9,2067.0,2132.820068359375,77920590000,5231.93994140625,4901.509765625,5128.27978515625,40633420000,18137.119140625,17399.169921875,17689.859375,2034220000,1275.9000244140625,1205.18994140625,1238.6800537109375,77920590000,6813.39990234375,6430.39990234375,6696.2998046875,15435132500,20850.0,19115.19921875,20585.240234375,3318200000,112.58000183105467,103.43000030517578,104.93000030517578,157498100,95.5999984741211,98.1500015258789,95.4499969482422,97.37000274658205,97.37000274658205,156.63999938964844,124.31999969482422,124.72000122070312,66350082,13.405,13.77,737.94921875,330.43017578125,9.150001525878892,32.31999969482422,383.0,1734.80078125,70.7100830078125
2015-08-01,5.1,238.033,0.07,0.22,2.17,0.14,4.0,2083.39,18401.626,1376000,123.0,142130,42.87,2104.489990234375,2112.659912109375,84626790000,5175.259765625,4292.14013671875,4776.509765625,43408300000,17704.759765625,15370.330078125,16528.029296875,2726340000,1243.1600341796875,1102.5799560546875,1159.449951171875,84596790000,6764.7998046875,5768.2001953125,6247.89990234375,17165806900,20946.9296875,17714.30078125,18890.48046875,3723100000,112.12000274658205,103.77999877929688,108.81999969482422,151171700,97.22000122070312,98.33000183105467,92.62000274658205,95.9499969482422,95.9499969482422,129.1999969482422,98.95999908447266,127.12000274658205,85623467,13.77,24.25,2334.4296875,883.11962890625,8.34000396728517,30.23999786376953,996.599609375,3232.62890625,140.580078125
2015-09-01,5.0,237.498,0.02,0.18,2.17,0.14,4.07,1948.86,18401.626,1078000,120.15,142265,45.48,1970.0899658203125,2020.8599853515625,79989370000,4960.8701171875,4487.06005859375,4620.16015625,41503920000,16933.4296875,15942.3701171875,16284.7001953125,2724080000,1193.989990234375,1078.6300048828125,1100.68994140625,79958370000,6284.2001953125,5877.10009765625,6061.60009765625,17973431900,18777.470703125,16901.490234375,17388.150390625,3132300000,110.81999969482422,105.2699966430664,106.86000061035156,113791100,95.93000030517578,96.6999969482422,94.05999755859376,96.3499984741211,96.3499984741211,126.8000030517578,113.27999877929688,117.44000244140624,76734669,24.25,16.11,991.0595703125,473.81005859375,5.5500030517578125,13.520004272460923,407.10009765625,1875.98046875,115.3599853515625
2015-10-01,5.0,237.733,0.02,0.11,2.07,0.12,4.04,2021.4,18435.137,1335000,120.05,142584,46.22,1919.6500244140625,2094.320068359375,85844900000,5095.68994140625,4552.33984375,5053.75,42348240000,17799.9609375,16013.66015625,17663.5390625,2605470000,1178.780029296875,1080.6099853515625,1161.8599853515625,85804900000,6487.89990234375,6051.60009765625,6361.10009765625,15357871100,19202.33984375,17389.5703125,19083.099609375,2979600000,113.98999786376952,106.62999725341795,109.3000030517578,131532500,96.2699966430664,97.81999969482422,93.80999755859376,96.9499969482422,96.9499969482422,129.60000610351562,108.87999725341795,118.4800033569336,76797981,16.11,15.775,1786.30078125,543.35009765625,7.3600006103515625,20.72000885009767,436.2998046875,1812.76953125,98.1700439453125
2015-11-01,5.1,238.017,0.12,0.32,2.26,0.12,4.16,2085.085,18435.137,1074000,122.64,142810,42.44,2080.760009765625,2116.47998046875,75943590000,5163.47021484375,4908.66015625,5108.669921875,36834860000,17977.849609375,17210.4296875,17719.919921875,2334610000,1204.8699951171875,1140.760009765625,1198.1099853515625,75913590000,6459.5,6079.7998046875,6356.10009765625,14168990400,19994.05078125,18641.220703125,19747.470703125,2559500000,108.83999633789062,100.98999786376952,101.91999816894533,106869000,96.91999816894533,100.30999755859376,96.63999938964844,100.16999816894533,100.16999816894533,123.5999984741211,102.4800033569336,103.44000244140624,64680565,15.775,17.73,767.419921875,254.81005859375,7.849998474121108,21.1199951171875,379.7001953125,1352.830078125,64.1099853515625
2015-12-01,5.0,237.761,0.23,0.49,2.24,0.24,4.32,2054.365,18435.137,1084000,121.64,143083,37.19,2082.929931640625,2104.27001953125,83649260000,5176.77001953125,4871.58984375,5007.41015625,40617940000,17901.580078125,17116.73046875,17425.029296875,2521440000,1205.0799560546875,1108.760009765625,1135.8900146484375,83609260000,6447.2998046875,5871.89990234375,6242.2998046875,13433251400,20012.400390625,18562.509765625,19033.7109375,2749100000,104.20999908447266,100.2300033569336,101.45999908447266,124503700,100.25,100.51000213623048,97.19000244140624,98.62999725341795,98.62999725341795,104.87999725341795,84.16000366210938,88.0,93096606,17.73,23.95,784.849609375,305.18017578125,3.9799957275390625,20.71999359130858,575.39990234375,1449.890625,96.3199462890625
2016-01-01,4.8,237.652,0.26,0.43,2.09,0.34,4.41,1906.9,18525.933,1398000,118.23,143196,31.68,2038.199951171875,2038.199951171875,92409770000,4926.72998046875,4313.39013671875,4613.9501953125,44877130000,17405.48046875,15450.5595703125,16466.30078125,2844080000,1134.0799560546875,958.47998046875,1035.3800048828125,92409770000,6242.2998046875,5639.89990234375,6083.7998046875,17403133600,18951.119140625,16017.259765625,17518.30078125,3235900000,107.93000030517578,102.48999786376952,106.9499969482422,139712800,98.69000244140624,99.83000183105467,98.0500030517578,99.61000061035156,99.61000061035156,91.36000061035156,63.36000061035156,77.19999694824219,156072405,23.95,21.745,1954.9208984375,613.33984375,5.440002441406264,28.0,602.39990234375,2933.859375,175.5999755859375
2016-02-01,4.9,237.336,0.31,0.44,1.78,0.38,4.46,1916.615,18525.933,1067000,114.62,143411,30.32,1936.93994140625,1962.9599609375,93049560000,4636.93017578125,4209.759765625,4557.9501953125,43108650000,16795.98046875,15503.009765625,16516.5,2491810000,1044.9100341796875,943.0999755859376,1033.9000244140625,92998480000,6115.39990234375,5499.5,6097.10009765625,19208966500,17905.369140625,14865.76953125,16026.759765625,4174100000,120.83999633789062,107.3499984741211,118.63999938964844,314968700,99.54000091552734,99.62999725341795,95.23999786376952,98.20999908447266,98.20999908447266,77.19999694824219,61.36000061035156,72.0,136909204,21.745,15.87,1292.970703125,427.17041015625,13.489997863769531,15.839996337890625,615.89990234375,3039.599609375,101.81005859374989
2016-03-01,5.0,238.08,0.29,0.46,1.89,0.36,4.16,2024.705,18525.933,1053000,112.93,143666,37.55,1937.0899658203125,2072.2099609375,92639420000,4899.14013671875,4581.75,4869.85009765625,40738880000,17790.109375,16545.669921875,17685.08984375,2407750000,1117.7900390625,1035.52001953125,1114.030029296875,92639420000,6237.0,6036.7001953125,6174.89990234375,16590666300,17291.349609375,15857.3701171875,16758.669921875,3307500000,122.37000274658205,116.16000366210938,117.63999938964844,259670200,98.18000030517578,98.58000183105467,94.31999969482422,94.58999633789062,94.58999633789062,86.4000015258789,71.12000274658203,77.5999984741211,109436293,15.87,13.96,1244.439453125,317.39013671875,6.2099990844726705,15.279998779296875,200.2998046875,1433.9794921875,82.27001953125
2016-04-01,5.1,238.992,0.23,0.37,1.81,0.37,3.76,2080.73,18711.702,1330000,109.55,143856,40.75,2056.6201171875,2111.050048828125,81124990000,4969.31982421875,4740.83984375,4775.35986328125,38014300000,18167.630859375,17484.23046875,17773.640625,2096650000,1156.0699462890625,1088.56005859375,1130.8499755859375,81124990000,6427.2998046875,6061.89990234375,6241.89990234375,15817457800,17613.560546875,15471.7998046875,16666.05078125,3230600000,123.93000030517578,115.0,123.6500015258789,222989100,94.63999938964844,95.1999969482422,93.01000213623048,93.08000183105467,93.08000183105467,92.0,71.91999816894531,90.4000015258789,94129031,13.96,14.69,683.400390625,228.47998046875,8.930000305175781,20.080001831054688,365.39990234375,2141.7607421875,67.5098876953125
2016-05-01,4.8,239.557,0.27,0.41,1.81,0.37,3.69,2063.37,18711.702,1098000,108.85,143901,46.71,2067.169921875,2103.47998046875,78883600000,4951.4501953125,4678.3798828125,4948.0498046875,38803240000,17934.609375,17331.0703125,17787.19921875,1879010000,1158.969970703125,1085.93994140625,1154.7900390625,78883600000,6290.10009765625,6050.2001953125,6230.7998046875,15018082100,17251.359375,15975.4697265625,17234.98046875,2563800000,123.95999908447266,115.29000091552734,116.05999755859376,201083100,93.0199966430664,95.88999938964844,91.91999816894533,95.88999938964844,95.88999938964844,97.04000091552734,85.04000091552734,94.95999908447266,59709906,14.69,17.810000000000002,603.5390625,273.0703125,8.669998168945312,12.0,239.89990234375,1275.8896484375,73.030029296875
2016-06-01,4.9,240.222,0.27,0.4,1.64,0.38,3.54,2087.175,18711.702,1061000,105.35,144152,48.76,2093.93994140625,2120.550048828125,86852700000,4980.14013671875,4574.25,4842.669921875,44213900000,18016.0,17063.080078125,17929.990234375,2350020000,1190.1700439453125,1085.8800048828125,1151.9200439453125,86802700000,6504.2998046875,5788.7001953125,6504.2998046875,24836871900,17145.94921875,14864.009765625,15575.919921875,3093000000,127.0500030517578,115.1999969482422,126.47000122070312,307601400,95.81999969482422,96.70999908447266,93.0199966430664,96.13999938964844,96.13999938964844,99.5999984741211,87.68000030517578,92.55999755859376,64787620,17.810000000000002,12.85,952.919921875,405.89013671875,11.850006103515597,11.919998168945312,715.599609375,2281.939453125,104.2900390625
2016-07-01,4.8,240.101,0.3,0.39,1.5,0.39,3.33,2163.7650000000003,18892.639,1297000,104.19,144515,44.65,2099.340087890625,2177.090087890625,69530250000,5175.81005859375,4786.009765625,5162.1298828125,36050040000,18622.009765625,17713.44921875,18432.240234375,1816520000,1224.77001953125,1131.7099609375,1219.93994140625,69530250000,6780.10009765625,6432.5,6724.39990234375,19192240800,16938.9609375,15106.51953125,16569.26953125,2816900000,131.14999389648438,125.11000061035156,128.97999572753906,259546000,95.88999938964844,97.56999969482422,95.33999633789062,95.52999877929688,95.52999877929688,94.23999786376952,76.4000015258789,78.08000183105469,61365669,12.85,12.38,908.560546875,389.80029296875,6.0399932861328125,17.83999633789061,347.60009765625,1832.44140625,93.06005859375
2016-08-01,4.9,240.545,0.3,0.44,1.56,0.4,3.28,2180.38,18892.639,1054000,101.24,144664,44.72,2173.14990234375,2193.81005859375,75610310000,5275.740234375,5109.7998046875,5213.22021484375,38754780000,18722.609375,18247.7890625,18400.880859375,1695750000,1251.3299560546875,1198.72998046875,1239.9100341796875,75610310000,6955.2998046875,6615.7998046875,6781.5,15725368400,16943.669921875,15921.0400390625,16887.400390625,2675600000,130.5500030517578,124.63999938964844,124.77999877929688,215783900,95.51000213623048,96.5199966430664,94.08000183105467,96.0199966430664,96.0199966430664,91.04000091552734,73.83999633789062,82.87999725341797,92715430,12.38,13.48,474.8203125,165.9404296875,5.910003662109375,17.20000457763672,339.5,1022.6298828125,52.5999755859375
2016-09-01,5.0,241.176,0.29,0.46,1.63,0.4,3.3,2159.93,18892.639,1006000,101.78,144961,45.18,2171.330078125,2187.8701171875,77023620000,5342.8798828125,5097.7998046875,5312.0,40112010000,18551.5390625,17992.2109375,18308.150390625,2101120000,1263.4599609375,1206.0699462890625,1251.6500244140625,77023620000,6941.10009765625,6654.5,6899.2998046875,18132999100,17156.359375,16285.41015625,16449.83984375,2493200000,129.0800018310547,124.5500030517578,125.63999938964844,213473800,95.98999786376952,96.33000183105467,94.47000122070312,95.45999908447266,95.45999908447266,88.23999786376953,78.55999755859375,87.44000244140625,122915893,13.48,14.24,559.328125,245.080078125,4.529998779296889,9.680000305175781,286.60009765625,870.94921875,57.3900146484375
2016-10-01,4.9,241.741,0.33,0.47,1.76,0.4,3.35,2141.16,19089.379,1279000,103.91,145069,49.78,2164.330078125,2169.60009765625,72915530000,5340.52001953125,5169.759765625,5189.14013671875,34708450000,18399.9609375,17959.94921875,18142.419921875,1793690000,1254.0899658203125,1185.1700439453125,1191.3900146484375,72915530000,7129.7998046875,6898.10009765625,6954.2001953125,18708869600,17461.029296875,16554.830078125,17425.01953125,2222800000,125.45999908447266,118.41999816894533,121.94000244140624,181298100,95.41999816894533,99.12000274658205,95.41999816894533,98.4499969482422,98.4499969482422,94.31999969482422,84.23999786376953,84.23999786376953,121958094,14.24,13.72,440.01171875,170.76025390625,7.0400009155273295,10.080001831054688,231.69970703125,906.19921875,68.919921875
2016-11-01,4.7,242.026,0.45,0.57,2.14,0.41,3.67,2176.94,19089.379,983000,108.44,145188,45.66,2128.679931640625,2214.10009765625,88445380000,5403.85986328125,5034.41015625,5323.68017578125,41950260000,19225.2890625,17883.560546875,19123.580078125,2107770000,1347.199951171875,1156.0799560546875,1322.3399658203125,88445380000,6997.2998046875,6676.60009765625,6783.7998046875,20197573900,18482.939453125,16111.8095703125,18308.48046875,3226000000,124.76000213623048,111.5,111.75,247890600,98.38999938964844,101.91999816894533,95.88999938964844,101.5,101.5,88.80000305175781,76.4800033569336,87.44000244140625,119909356,13.72,12.22,1341.728515625,369.44970703125,13.260002136230483,12.319999694824219,320.69970703125,2371.1298828125,191.1199951171875
2016-12-01,4.7,242.637,0.51,0.63,2.49,0.54,3.86,2256.96,19089.379,1261000,116.0,145410,51.97,2200.169921875,2277.530029296875,75344550000,5512.3701171875,5238.2099609375,5383.1201171875,38648510000,19987.630859375,19138.7890625,19762.599609375,5952470000,1392.7099609375,1308.8499755859375,1357.1300048828125,75344550000,7142.7998046875,6678.7001953125,7142.7998046875,14991595900,19592.900390625,18227.390625,19114.369140625,3038700000,112.5,107.0,109.61000061035156,159862800,101.51000213623048,103.6500015258789,99.43000030517578,102.38999938964844,102.38999938964844,95.5199966430664,88.55999755859375,93.76000213623048,83020993,12.22,11.55,848.841796875,274.16015625,5.5,6.959999084472656,464.099609375,1365.509765625,83.8599853515625
2017-01-01,4.7,243.618,0.51,0.61,2.43,0.65,3.75,2271.6,19280.084,976000,114.87,145636,52.5,2251.570068359375,2300.989990234375,70576420000,5669.60986328125,5397.990234375,5614.7900390625,36115440000,20125.580078125,19677.939453125,19864.08984375,6482900000,1388.5999755859375,1341.4599609375,1361.8199462890625,70576420000,7354.10009765625,7099.2001953125,7099.2001953125,17444698300,19615.400390625,18650.330078125,19041.33984375,2440400000,116.16999816894533,109.37000274658205,115.5500030517578,150545100,102.37999725341795,103.81999969482422,99.43000030517578,99.51000213623048,99.51000213623048,96.0,88.4800033569336,90.55999755859376,53352879,11.55,11.49,447.640625,271.61962890625,6.799995422363281,7.519996643066406,254.89990234375,965.0703125,47.1400146484375
2017-02-01,4.6,244.006,0.52,0.64,2.42,0.66,3.7,2337.58,19280.084,921000,112.91,145848,53.47,2285.590087890625,2371.5400390625,69260940000,5867.89013671875,5616.39990234375,5825.43994140625,36811150000,20851.330078125,19831.08984375,20812.240234375,6185580000,1410.4000244140625,1349.4300537109375,1386.6800537109375,69260940000,7329.60009765625,7093.60009765625,7263.39990234375,16446446100,19519.439453125,18805.3203125,19118.990234375,2606300000,120.4000015258789,114.13999938964844,119.2300033569336,150265000,99.55999755859376,101.76000213623048,99.2300033569336,101.12000274658205,101.12000274658205,93.1999969482422,88.31999969482422,91.5999984741211,48208291,11.49,11.66,1020.240234375,251.490234375,6.260002136230469,4.879997253417983,236.0,714.119140625,60.969970703125
2017-03-01,4.4,243.892,0.74,0.87,2.48,0.79,3.76,2368.06,19280.084,935000,112.92,145976,49.33,2380.1298828125,2400.97998046875,81664010000,5928.06005859375,5769.39013671875,5911.740234375,44064880000,21169.109375,20412.80078125,20663.220703125,6941970000,1414.8199462890625,1335.0400390625,1385.9200439453125,81664010000,7447.0,7255.7998046875,7322.89990234375,20039972500,19668.009765625,18909.259765625,18909.259765625,2646000000,120.08000183105467,114.0199966430664,118.72000122070312,172556100,101.44000244140624,102.26000213623048,98.86000061035156,100.3499984741211,100.3499984741211,92.4000015258789,79.04000091552734,85.12000274658203,75170691,11.66,12.89,756.30859375,158.669921875,6.060005187988267,13.360000610351562,191.2001953125,758.75,79.7799072265625
2017-04-01,4.4,244.193,0.8,0.93,2.3,0.9,3.64,2355.84,19438.643,1139000,110.09,146173,51.06,2362.340087890625,2398.159912109375,65369860000,6074.0400390625,5805.14990234375,6047.60986328125,33894020000,21070.900390625,20379.55078125,20940.509765625,5392630000,1425.699951171875,1345.239990234375,1400.4300537109375,65369860000,7406.39990234375,7096.7998046875,7203.89990234375,15771258600,19289.4296875,18224.6796875,19196.740234375,2178500000,123.06999969482422,118.4000015258789,120.7699966430664,176157400,100.5,101.33999633789062,98.6999969482422,99.0500030517578,99.0500030517578,90.08000183105467,80.31999969482422,81.91999816894531,59659979,12.89,10.44,691.349609375,268.89013671875,4.6699981689453125,9.760002136230455,309.60009765625,1064.75,80.4599609375
2017-05-01,4.4,244.004,0.89,1.02,2.3,0.91,3.59,2397.67,19438.643,956000,112.24,146389,48.48,2388.5,2418.7099609375,79719460000,6221.990234375,5996.81005859375,6198.52001953125,42405030000,21112.3203125,20553.44921875,21008.650390625,6613570000,1411.0400390625,1351.010009765625,1370.2099609375,79719460000,7586.5,7203.89990234375,7520.0,18338797800,19998.490234375,19144.619140625,19650.5703125,2230200000,121.2300033569336,115.55999755859376,120.62000274658205,160072400,98.93000030517578,99.88999938964844,96.8000030517578,96.91999816894533,96.91999816894533,85.5999984741211,75.44000244140625,79.68000030517578,87489681,10.44,10.435,558.87109375,225.18017578125,5.6700057983398295,10.159996032714844,382.60009765625,853.87109375,60.030029296875
2017-06-01,4.3,244.163,0.98,1.09,2.19,1.04,3.5,2434.145,19438.643,992000,110.91,146588,45.18,2415.64990234375,2453.820068359375,81078810000,6341.7001953125,6087.81005859375,6140.419921875,50292320000,21535.029296875,20994.220703125,21349.630859375,7214590000,1433.7900390625,1370.3299560546875,1415.3599853515625,81078810000,7599.0,7302.7001953125,7312.7001953125,19146718200,20318.109375,19686.3203125,20033.4296875,2326500000,123.30999755859376,117.91000366210938,118.0199966430664,160832400,96.98999786376952,97.87000274658205,95.47000122070312,95.66000366210938,95.66000366210938,81.27999877929688,69.19999694824219,76.0,95467067,10.435,10.005,540.80859375,253.89013671875,5.399993896484389,12.080001831054688,296.2998046875,631.7890625,63.4600830078125
2017-07-01,4.3,244.243,1.07,1.11,2.32,1.15,3.52,2459.94,19692.595,1254000,112.42,146772,46.63,2431.389892578125,2484.0400390625,63348090000,6460.83984375,6081.9599609375,6348.1201171875,36228200000,21929.80078125,21279.30078125,21891.119140625,5569720000,1452.0899658203125,1398.8299560546875,1425.1400146484375,63348090000,7515.10009765625,7303.5,7372.0,16029984200,20200.880859375,19856.650390625,19925.1796875,1790600000,120.86000061035156,114.8000030517578,120.75,128516200,95.62000274658205,96.51000213623048,92.77999877929688,92.86000061035156,92.86000061035156,82.55999755859375,72.0,82.23999786376953,78025942,10.005,11.35,650.5,378.8798828125,6.059997558593764,10.55999755859375,211.60009765625,344.23046875,53.260009765625
2017-08-01,4.4,245.183,1.01,1.11,2.21,1.16,3.47,2457.59,19692.595,991000,109.83,146907,48.04,2477.10009765625,2490.8701171875,70784900000,6435.27001953125,6177.18994140625,6428.66015625,41368170000,22179.109375,21600.33984375,21948.099609375,6150060000,1430.6600341796875,1349.3499755859375,1405.280029296875,70784900000,7551.89990234375,7289.2001953125,7430.60009765625,14502712300,20113.73046875,19280.01953125,19646.240234375,1876000000,125.87000274658205,118.97000122070312,125.81999969482422,179580900,92.88999938964844,94.1500015258789,91.62000274658205,92.66999816894533,92.66999816894533,82.0,74.72000122070312,77.04000091552734,66276479,11.35,10.175,578.76953125,258.080078125,6.9000015258789205,7.279998779296875,262.69970703125,833.7109375,81.31005859375
2017-09-01,4.3,246.435,1.03,1.15,2.2,1.15,3.47,2497.605,19692.595,1362000,110.78,146999,49.82,2474.419921875,2519.43994140625,66624120000,6497.97998046875,6334.58984375,6495.9599609375,38354650000,22419.509765625,21709.630859375,22405.08984375,6342130000,1493.56005859375,1393.8800048828125,1490.8599853515625,66624120000,7460.5,7196.60009765625,7372.7998046875,15456243700,20481.26953125,19239.51953125,20356.279296875,1807500000,128.32000732421875,121.5500030517578,121.58000183105467,174234300,92.61000061035156,93.66999816894533,91.01000213623048,93.08000183105467,93.08000183105467,85.19999694824219,76.08000183105469,83.44000244140625,46859417,10.175,10.010000000000002,709.87890625,163.39013671875,6.770004272460952,9.1199951171875,263.89990234375,1241.75,99.6800537109375
2017-10-01,4.2,246.626,1.07,1.23,2.36,1.15,3.5,2557.395,20037.088,969000,112.91,147146,51.58,2521.199951171875,2582.97998046875,71088550000,6737.75,6484.14013671875,6727.669921875,41620780000,23485.25,22416.0,23377.240234375,7302910000,1514.93994140625,1482.530029296875,1502.530029296875,71088550000,7565.10009765625,7372.7001953125,7493.10009765625,17215435300,22086.880859375,20363.279296875,22011.609375,1872800000,123.97000122070312,119.77999877929688,120.66999816894533,137821900,93.29000091552734,95.1500015258789,92.75,94.5500030517578,94.5500030517578,87.68000030517578,79.36000061035156,87.44000244140625,41960268,10.010000000000002,10.2,1069.25,253.60986328125,4.19000244140625,8.319999694824219,192.39990234375,1723.6015625,32.409912109375
2017-11-01,4.2,247.284,1.23,1.36,2.35,1.16,3.56,2587.84,20037.088,991000,112.82,147375,56.64,2583.2099609375,2657.739990234375,73416960000,6914.18994140625,6667.31005859375,6873.97021484375,42080670000,24327.8203125,23242.75,24272.349609375,7335640000,1551.68994140625,1454.1700439453125,1544.1400146484375,73416960000,7582.89990234375,7326.7001953125,7326.7001953125,18219002800,23382.150390625,21972.33984375,22724.9609375,1981200000,123.33000183105467,120.18000030517578,121.0999984741211,121999200,94.5500030517578,95.1500015258789,92.5,93.01000213623048,93.01000213623048,94.31999969482422,86.55999755859375,91.76000213623048,44014068,10.2,10.17,1085.0703125,246.8798828125,3.150001525878892,7.760002136230469,256.19970703125,1409.810546875,97.5198974609375
2017-12-01,4.1,247.805,1.32,1.47,2.4,1.3,3.59,2668.86,20037.088,1213000,112.94,147521,57.88,2645.10009765625,2694.969970703125,65531700000,7003.89013671875,6734.1298828125,6903.39013671875,38755950000,24876.0703125,23921.900390625,24719.220703125,6589890000,1559.6099853515625,1498.780029296875,1535.510009765625,65531700000,7697.60009765625,7288.7001953125,7687.7998046875,13803243500,22994.330078125,22119.2109375,22764.939453125,1539000000,124.08999633789062,117.4000015258789,123.6500015258789,145856700,93.02999877929688,94.22000122070312,92.08000183105467,92.12000274658205,92.12000274658205,96.72000122070312,89.44000244140625,96.08000183105467,31387504,10.17,11.08,954.169921875,269.76025390625,6.689994812011719,7.279998779296875,408.89990234375,875.119140625,60.8299560546875
2018-01-01,4.0,248.859,1.41,1.59,2.58,1.41,3.68,2798.03,20328.553,941000,110.87,147667,63.7,2683.72998046875,2872.8701171875,77318690000,7505.77001953125,6924.080078125,7411.47998046875,44694030000,26616.7109375,24741.69921875,26149.390625,9116920000,1615.52001953125,1536.1199951171875,1574.97998046875,77318690000,7792.60009765625,7521.7998046875,7533.60009765625,16511936800,24129.33984375,23065.19921875,23098.2890625,1606300000,129.50999450683594,124.0999984741211,127.6500015258789,184868100,92.23999786376952,92.63999938964844,88.44000244140625,89.12999725341797,89.12999725341797,106.4000015258789,96.08000183105467,103.83999633789062,48429367,11.08,19.85,1875.01171875,581.68994140625,5.409996032714844,10.319999694824233,270.80029296875,1064.140625,79.4000244140625
2018-02-01,4.1,249.529,1.57,1.75,2.86,1.42,3.94,2703.96,20328.553,884000,107.97,148054,62.23,2816.449951171875,2835.9599609375,79933970000,7441.08984375,6630.669921875,7273.009765625,44063140000,26306.69921875,23360.2890625,25029.19921875,9450250000,1582.280029296875,1436.4300537109375,1512.449951171875,79933970000,7554.7001953125,7073.0,7231.89990234375,16611916700,23492.76953125,20950.150390625,22068.240234375,1840200000,128.6999969482422,124.38999938964844,125.0,176366400,89.04000091552734,90.6999969482422,88.25,90.61000061035156,90.61000061035156,106.08000183105467,93.1999969482422,98.95999908447266,56036506,19.85,18.36,2946.41015625,810.419921875,4.30999755859375,12.880004882812472,481.7001953125,2542.619140625,145.8499755859375
2018-03-01,4.0,249.577,1.7,1.87,2.84,1.51,4.09,2716.94,20328.553,1129000,106.05,148280,62.73,2715.219970703125,2801.89990234375,76803890000,7637.27001953125,6901.06982421875,7063.4501953125,48760550000,25449.150390625,23509.060546875,24103.109375,8873040000,1609.050048828125,1494.0,1529.4300537109375,76803890000,7254.89990234375,6866.89990234375,7056.60009765625,17113890000,21971.16015625,20347.490234375,21454.30078125,1732700000,128.5800018310547,123.58000183105467,125.79000091552734,143350600,90.66999816894533,90.93000030517578,88.94000244140625,89.97000122070312,89.97000122070312,106.4000015258789,96.63999938964844,104.72000122070312,53485669,18.36,17.84,1940.08984375,736.2001953125,5.000000000000014,9.760002136230469,388.0,1623.669921875,115.050048828125
2018-04-01,4.0,250.227,1.76,1.93,2.87,1.69,4.17,2656.87,20580.912,886000,107.66,148426,66.25,2633.449951171875,2717.489990234375,70194700000,7319.580078125,6805.9599609375,7066.27001953125,43233040000,24858.970703125,23344.51953125,24163.150390625,8064550000,1592.0400390625,1482.9000244140625,1541.8800048828125,70194700000,7546.2001953125,6971.7998046875,7509.2998046875,15620275100,22495.560546875,21056.01953125,22467.869140625,1386000000,129.47000122070312,124.19000244140624,124.58999633789062,148538100,89.97000122070312,91.98999786376952,89.2300033569336,91.83999633789062,91.83999633789062,112.0,99.76000213623048,110.4000015258789,46727117,17.84,13.425,1514.451171875,513.6201171875,5.279998779296889,12.239997863769517,574.400390625,1439.541015625,109.1400146484375
2018-05-01,3.8,250.792,1.86,2.02,2.98,1.7,4.33,2716.55,20580.912,885000,109.69,148755,69.98,2642.9599609375,2742.239990234375,76011820000,7492.419921875,6991.14013671875,7442.1201171875,45761130000,25086.490234375,23531.310546875,24415.83984375,7278020000,1651.1099853515625,1527.7099609375,1633.6099853515625,76011820000,7903.5,7492.39990234375,7678.2001953125,18687364400,23050.390625,21931.650390625,22201.8203125,1607600000,125.58999633789062,121.97000122070312,123.0999984741211,136939000,91.80999755859376,95.02999877929688,91.8000030517578,93.98999786376952,93.98999786376952,117.91999816894533,106.63999938964844,108.4000015258789,56110094,13.425,12.79,1555.1796875,501.27978515625,3.6199951171875,11.27999877929689,411.10009765625,1118.740234375,123.4000244140625
2018-06-01,4.0,251.018,1.9,2.06,2.91,1.82,4.39,2762.59,20580.912,1113000,110.06,148968,67.87,2718.699951171875,2791.469970703125,77891360000,7806.60009765625,7419.56005859375,7510.2998046875,48573740000,25402.830078125,23997.2109375,24271.41015625,7411110000,1708.0999755859375,1630.06005859375,1643.0699462890625,77891360000,7793.5,7508.2998046875,7636.89990234375,19442604000,23011.5703125,22038.400390625,22304.509765625,1513500000,123.86000061035156,118.01000213623048,118.6500015258789,133529400,93.9499969482422,95.52999877929688,93.19000244140624,94.62999725341795,94.62999725341795,120.63999938964844,104.0,120.4800033569336,56883094,12.79,12.83,1405.619140625,387.0400390625,5.8499984741210795,16.639999389648438,285.2001953125,973.169921875,78.0399169921875
2018-07-01,3.8,251.214,1.96,2.11,2.89,1.91,4.37,2801.83,20798.73,838000,111.52,149023,70.98,2704.949951171875,2848.030029296875,64898300000,7933.31005859375,7443.10009765625,7671.7900390625,38964090000,25587.240234375,24077.560546875,25415.189453125,5408500000,1708.56005859375,1631.06005859375,1670.800048828125,64898300000,7782.89990234375,7540.7001953125,7748.7998046875,15591645900,22949.3203125,21462.94921875,22553.720703125,1523800000,119.7300033569336,115.12000274658205,115.98999786376952,130595500,94.62999725341795,95.6500015258789,93.70999908447266,94.48999786376952,94.48999786376952,122.0,110.08000183105467,114.23999786376952,59385606,12.83,12.49,1509.6796875,490.2099609375,4.610000610351548,11.919998168945327,242.19970703125,1486.37109375,77.5
2018-08-01,3.8,251.663,2.03,2.19,2.89,1.91,4.32,2856.98,20798.73,834000,111.0,149274,68.06,2821.169921875,2916.5,69523070000,8133.2998046875,7659.52001953125,8109.5400390625,46197780000,26167.939453125,24965.76953125,25964.8203125,5635410000,1742.0899658203125,1657.5400390625,1740.75,69523070000,7790.2001953125,7428.7001953125,7432.39990234375,15162821300,23032.169921875,21851.3203125,22865.150390625,1515200000,115.6999969482422,111.05999755859376,113.51000213623048,148356600,94.55999755859376,96.9800033569336,94.43000030517578,95.13999938964844,95.13999938964844,118.63999938964844,107.5199966430664,117.68000030517578,52585793,12.49,12.79,1202.169921875,473.77978515625,4.6399993896484375,11.120002746582031,361.5,1180.849609375,84.5499267578125
2018-09-01,3.7,252.182,2.13,2.29,3.0,1.95,4.41,2904.31,20798.73,1026000,112.1,149361,70.23,2896.9599609375,2940.909912109375,63031510000,8104.06982421875,7873.93017578125,8046.35009765625,44907360000,26769.16015625,25754.3203125,26458.310546875,5262500000,1740.800048828125,1686.989990234375,1696.5699462890625,63031510000,7552.0,7220.5,7510.2001953125,14865089900,24286.099609375,22172.900390625,24120.0390625,1447600000,114.77999877929688,111.8499984741211,112.76000213623048,97355900,95.19000244140624,95.73999786376952,93.80999755859376,95.19000244140624,95.19000244140624,124.55999755859376,112.55999755859376,124.16000366210938,38380580,12.79,20.06,1014.83984375,230.1396484375,2.9300003051757812,12.0,331.5,2113.19921875,53.81005859375
2018-10-01,3.8,252.772,2.25,2.4,3.15,2.19,4.56,2767.78,20917.867,852000,112.72,149525,70.75,2926.2900390625,2939.860107421875,91930980000,8107.3798828125,6922.830078125,7305.89990234375,61889960000,26951.810546875,24122.23046875,25115.759765625,8373350000,1703.81005859375,1459.1600341796875,1511.4100341796875,91930980000,7526.2001953125,6851.60009765625,7128.10009765625,18596140600,24448.0703125,20971.9296875,21920.4609375,1822800000,117.6500015258789,111.9000015258789,115.1500015258789,228476300,95.11000061035156,97.1999969482422,94.79000091552734,97.12999725341795,97.12999725341795,129.9199981689453,110.16000366210938,110.31999969482422,69593429,20.06,19.51,2829.580078125,1184.5498046875,5.75,19.759994506835938,674.60009765625,3476.140625,244.6500244140625
2018-11-01,3.8,252.594,2.33,2.46,3.12,2.2,4.73,2730.2,20917.867,901000,113.34,149622,56.96,2717.580078125,2815.14990234375,80620020000,7572.93017578125,6830.759765625,7330.5400390625,48901700000,26277.8203125,24268.740234375,25538.4609375,7226940000,1586.1700439453125,1465.25,1533.27001953125,80620020000,7196.39990234375,6904.2001953125,6980.2001953125,18276805900,22583.4296875,21243.380859375,22351.060546875,1534700000,117.06999969482422,113.41999816894533,115.54000091552734,186729200,97.08000183105467,97.69000244140624,95.68000030517578,97.2699966430664,97.2699966430664,110.87999725341795,84.08000183105469,85.83999633789062,105949167,19.51,24.52,2009.080078125,742.17041015625,3.650001525878892,26.799995422363267,292.19970703125,1340.048828125,120.9200439453125
2018-12-01,3.9,252.767,2.37,2.48,2.83,2.27,4.73,2546.16,20917.867,1123000,112.2,149804,49.52,2790.5,2800.179931640625,84162180000,7486.509765625,6190.169921875,6635.27978515625,49224830000,25980.2109375,21712.529296875,23327.4609375,8101540000,1553.3399658203125,1266.9200439453125,1348.56005859375,84162180000,7145.5,6536.5,6728.10009765625,14897127200,22698.7890625,18948.580078125,20014.76953125,1529200000,121.26000213623048,116.3000030517578,121.25,178898300,97.12999725341795,97.70999908447266,96.06999969482422,96.16999816894533,96.16999816894533,91.83999633789062,73.83999633789062,77.27999877929688,85595641,24.52,19.07,4267.681640625,1296.33984375,4.959999084472685,18.0,609.0,3750.208984375,286.419921875
2019-01-01,4.0,252.561,2.37,2.45,2.71,2.4,4.6,2616.1,21111.6,891000,108.96,150062,51.38,2476.9599609375,2708.949951171875,80859870000,7303.1201171875,6457.1298828125,7281.740234375,49542480000,25109.619140625,22638.41015625,24999.669921875,7189200000,1500.739990234375,1325.1800537109375,1499.4200439453125,80859870000,7001.89990234375,6599.5,6968.89990234375,14980085300,20892.6796875,19241.369140625,20773.490234375,1275600000,125.2300033569336,120.69000244140624,124.75,195173300,96.13999938964844,96.95999908447266,95.02999877929688,95.58000183105467,95.58000183105467,93.04000091552734,74.87999725341797,90.8000030517578,79315017,19.07,15.38,2471.208984375,845.990234375,4.540000915527358,18.160003662109375,402.39990234375,1651.310546875,175.5599365234375
2019-02-01,3.8,253.319,2.39,2.44,2.68,2.4,4.37,2753.03,21111.6,890000,110.44,150067,54.95,2702.320068359375,2813.489990234375,70638770000,7602.68994140625,7225.14013671875,7532.52978515625,42628810000,26241.419921875,24883.0390625,25916.0,5434540000,1602.0999755859375,1494.3699951171875,1575.550048828125,70638770000,7261.60009765625,6968.89990234375,7074.7001953125,13263289400,21610.880859375,20315.310546875,21385.16015625,1276100000,127.20999908447266,123.19000244140624,123.98999786376952,141982900,95.5500030517578,97.37000274658205,95.4000015258789,96.16000366210938,96.16000366210938,96.4800033569336,86.16000366210938,95.5999984741211,46597854,15.38,14.33,1358.380859375,377.5498046875,4.0199966430664205,10.319999694824219,292.7001953125,1295.5703125,107.72998046875
2019-03-01,3.8,254.277,2.4,2.44,2.57,2.41,4.19,2805.37,21111.6,1059000,111.14,150294,58.15,2798.219970703125,2860.31005859375,79159660000,7850.10986328125,7332.919921875,7729.31982421875,49622660000,26155.98046875,25208.0,25928.6796875,6637700000,1594.239990234375,1494.989990234375,1539.739990234375,79159660000,7370.60009765625,7074.7001953125,7279.2001953125,15186032200,21860.390625,20911.5703125,21205.810546875,1396900000,125.11000061035156,121.02999877929688,122.01000213623048,168879600,96.22000122070312,97.70999908447266,95.73999786376952,97.27999877929688,97.27999877929688,100.4800033569336,91.12000274658205,100.0,54711680,14.33,13.11,947.98046875,517.18994140625,4.0800018310546875,9.360000610351548,295.89990234375,948.8203125,99.25
2019-04-01,3.7,255.233,2.38,2.39,2.53,2.42,4.05,2905.03,21397.938,839000,111.64,150602,63.86,2848.6298828125,2949.52001953125,70090370000,8176.080078125,7777.08984375,8095.39013671875,43553400000,26695.9609375,26062.58984375,26592.91015625,5854600000,1603.0799560546875,1542.8900146484375,1591.2099609375,70090370000,7528.89990234375,7279.2001953125,7418.2001953125,13287624400,22362.919921875,21471.119140625,22258.73046875,1187800000,123.7699966430664,119.5500030517578,121.1999969482422,124262100,97.18000030517578,98.33000183105467,96.75,97.4800033569336,97.4800033569336,110.87999725341795,100.63999938964844,106.31999969482422,52877356,13.11,16.375,633.37109375,398.990234375,4.219993591308608,10.239997863769517,249.69970703125,891.80078125,60.18994140625
2019-05-01,3.6,255.296,2.35,2.35,2.4,2.39,3.96,2857.9,21397.938,874000,109.97,150640,60.83,2952.330078125,2954.1298828125,77250740000,8164.7099609375,7448.22998046875,7453.14990234375,47822630000,26689.390625,24809.509765625,24815.0390625,6358230000,1618.3699951171875,1461.469970703125,1465.489990234375,77250740000,7446.5,7130.89990234375,7161.7001953125,15295061400,22190.490234375,20581.580078125,20601.189453125,1458100000,123.4000015258789,119.54000091552734,123.33000183105467,140574200,97.52999877929688,98.37000274658205,97.02999877929688,97.75,97.75,106.4800033569336,88.31999969482422,88.80000305175781,75980420,16.375,15.865,1879.880859375,716.47998046875,3.8600006103515625,18.160003662109375,315.60009765625,1608.91015625,156.9000244140625
2019-06-01,3.6,255.213,2.17,2.11,2.07,2.38,3.7,2890.655,21397.938,1126000,108.07,150844,54.66,2751.530029296875,2964.14990234375,71250630000,8088.8798828125,7292.22021484375,8006.240234375,44821400000,26907.369140625,24680.5703125,26599.9609375,5544390000,1570.739990234375,1460.489990234375,1566.5699462890625,71250630000,7469.2001953125,7079.7001953125,7425.60009765625,14112662400,21497.8203125,20289.640625,21275.919921875,1195400000,135.5500030517578,123.9000015258789,133.1999969482422,205599200,97.63999938964844,97.8000030517578,95.83999633789062,96.12999725341795,96.12999725341795,99.44000244140624,84.23999786376953,96.31999969482422,76645142,15.865,12.98,2226.798828125,796.65966796875,11.650001525878906,15.200004577636705,389.5,1208.1796875,110.25
2019-07-01,3.7,255.802,2.1,2.03,2.06,2.4,3.56,2995.465,21717.171,834000,108.29,150934,57.35,2971.409912109375,3027.97998046875,70599470000,8339.6396484375,8059.2900390625,8175.419921875,42846360000,27398.6796875,26616.2109375,26864.26953125,5207470000,1599.4000244140625,1543.56005859375,1574.6099853515625,70599470000,7727.5,7425.60009765625,7586.7998046875,14244748100,21823.0703125,20993.439453125,21521.529296875,1168700000,136.6300048828125,130.5500030517578,133.2100067138672,226367100,96.25,98.68000030517578,96.25,98.5199966430664,98.5199966430664,101.04000091552734,90.95999908447266,96.31999969482422,70868630,12.98,18.725,782.46875,280.349609375,6.0800018310546875,10.080001831054688,301.89990234375,829.630859375,55.8399658203125
2019-08-01,3.6,256.036,1.95,1.88,1.63,2.13,3.3,2894.5950000000003,21717.171,1055000,106.19,151155,54.81,2980.320068359375,3013.590087890625,80269220000,8311.0400390625,7662.89990234375,7962.8798828125,46323300000,27175.58984375,25339.599609375,26403.279296875,6196080000,1587.81005859375,1450.3199462890625,1494.8399658203125,80269220000,7610.0,7020.2001953125,7207.2001953125,15937435200,21556.689453125,20110.759765625,20704.369140625,1373500000,145.67999267578125,132.30999755859375,143.75,322877500,98.58999633789062,99.0199966430664,97.20999908447266,98.91999816894533,98.91999816894533,95.44000244140624,83.91999816894531,91.68000030517578,88701279,18.725,15.235,1835.990234375,648.14013671875,13.3699951171875,11.520004272460923,589.7998046875,1445.9296875,137.4901123046875
2019-09-01,3.5,256.43,1.89,1.84,1.7,2.04,3.32,2982.13,21717.171,838000,107.54,151358,56.95,2909.010009765625,3021.989990234375,74178980000,8243.7998046875,7847.31982421875,7999.33984375,41720490000,27306.73046875,25978.220703125,26916.830078125,5045520000,1590.5,1467.469970703125,1523.3699951171875,74178980000,7440.7998046875,7199.39990234375,7408.2001953125,15855477100,22255.560546875,20554.16015625,21755.83984375,1392600000,146.82000732421875,138.02999877929688,138.8699951171875,233678500,98.83000183105467,99.45999908447266,97.86000061035156,99.37999725341795,99.37999725341795,105.27999877929688,87.91999816894531,90.72000122070312,81984717,15.235,14.25,1328.509765625,396.47998046875,8.790008544921875,17.360000610351562,241.39990234375,1701.400390625,123.030029296875
2019-10-01,3.6,257.155,1.65,1.62,1.71,1.83,3.27,2989.69,21933.217,849000,108.14,151458,53.96,2983.68994140625,3050.10009765625,77720640000,8335.5595703125,7700.0,8292.3603515625,44203530000,27204.359375,25743.4609375,27046.23046875,5660960000,1581.1300048828125,1462.219970703125,1562.449951171875,77720640000,7433.2001953125,7004.39990234375,7248.39990234375,18280051200,23008.4296875,21276.009765625,22927.0390625,1347900000,143.25,137.8000030517578,142.42999267578125,178417600,99.4000015258789,99.66999816894533,97.13999938964844,97.3499984741211,97.3499984741211,95.04000091552734,85.12000274658203,90.4000015258789,65649417,14.25,12.65,1460.8984375,635.5595703125,5.4499969482421875,9.919998168945312,428.80029296875,1732.419921875,118.9100341796875
2019-11-01,3.6,257.879,1.54,1.55,1.81,1.55,3.27,3100.085,21933.217,1122000,108.86,151666,57.03,3050.719970703125,3154.260009765625,72410620000,8705.91015625,8326.5595703125,8665.4697265625,41773310000,28174.970703125,27142.94921875,28051.41015625,4925180000,1634.77001953125,1569.199951171875,1624.5,72410620000,7446.0,7197.2998046875,7346.5,14294070300,23608.060546875,22705.599609375,23293.91015625,1356700000,142.89999389648438,136.19000244140625,137.86000061035156,139229300,97.3000030517578,98.54000091552734,97.11000061035156,98.2699966430664,98.2699966430664,98.0,91.5199966430664,92.95999908447266,57672767,12.65,13.62,1032.021484375,379.3505859375,6.709991455078125,6.480003356933594,248.7001953125,902.4609375,65.570068359375
2019-12-01,3.6,258.63,1.54,1.54,1.86,1.55,3.22,3191.14,21933.217,944000,109.1,151792,59.88,3143.85009765625,3247.929931640625,72325540000,9052.0,8435.400390625,8972.599609375,46214040000,28701.66015625,27325.130859375,28538.439453125,5086880000,1681.6800537109375,1589.72998046875,1668.469970703125,72325540000,7665.39990234375,7131.2001953125,7542.39990234375,14581087800,24091.119140625,23044.779296875,23656.619140625,1173000000,143.60000610351562,137.3000030517578,142.89999389648438,121345200,98.2699966430664,98.37999725341795,96.36000061035156,96.38999938964844,96.38999938964844,104.16000366210938,92.72000122070312,102.4800033569336,35755007,13.62,12.98,1376.529296875,616.599609375,6.3000030517578125,11.44000244140625,534.19970703125,1046.33984375,91.9500732421875
2020-01-01,3.6,258.906,1.52,1.52,1.76,1.55,3.07,3276.24,21727.657,858000,109.27,152045,57.52,3244.669921875,3337.77001953125,77287980000,9451.4296875,8943.5,9150.9404296875,52694760000,29373.619140625,28169.529296875,28256.029296875,6170770000,1715.0799560546875,1610.6400146484375,1614.06005859375,77287980000,7689.7001953125,7275.0,7286.0,13224760700,24115.94921875,22892.94921875,23205.1796875,1133600000,149.67999267578125,143.39999389648438,149.3300018310547,194652300,96.4800033569336,98.19000244140624,96.43000030517578,97.38999938964844,97.38999938964844,106.55999755859376,85.5999984741211,86.72000122070312,62331792,12.98,15.47,1204.08984375,507.9296875,6.279998779296875,20.95999908447267,414.7001953125,1223.0,104.43994140625
2020-02-01,3.5,259.246,1.52,1.47,1.5,1.58,2.9,3337.75,21727.657,1044000,110.03,152309,50.54,3235.659912109375,3393.52001953125,84436590000,9838.3701171875,8264.16015625,8567.3701171875,53886320000,29568.5703125,24681.009765625,25409.359375,6991990000,1698.9100341796875,1448.2099609375,1476.4300537109375,84436590000,7547.7001953125,6460.10009765625,6580.60009765625,16563821000,23995.369140625,20916.400390625,21142.9609375,1396200000,158.52999877929688,145.8000030517578,148.3800048828125,254781400,97.37000274658205,99.91000366210938,97.37000274658205,98.12999725341795,98.12999725341795,91.44000244140624,73.36000061035156,75.5999984741211,75694880,15.47,59.415,4887.560546875,1574.2099609375,12.729995727539062,18.080001831054673,1087.60009765625,3078.96875,250.7000732421875
2020-03-01,4.4,258.15,0.29,0.29,0.87,0.65,4.06,2605.62,21727.657,9338000,107.67,150898,29.21,2974.280029296875,3136.719970703125,162185380000,9070.3203125,6631.419921875,7700.10009765625,97320230000,27102.33984375,18213.650390625,21917.16015625,15521140000,1539.739990234375,966.219970703125,1153.0999755859375,162185380000,6856.2998046875,4898.7998046875,5672.0,37413728800,21719.779296875,16358.1904296875,18917.009765625,3101700000,159.3699951171875,136.1199951171875,148.0500030517578,457459900,98.08000183105467,102.98999786376952,94.6500015258789,99.0500030517578,99.0500030517578,81.44000244140625,32.2400016784668,33.68000030517578,266595555,59.415,41.38,8888.689453125,2438.900390625,23.25,49.20000076293945,1957.5,5361.5888671875,573.52001953125
2020-04-01,14.8,256.126,0.14,0.17,0.66,0.05,3.96,2797.8,19935.444,18653000,107.74,130421,16.55,2498.080078125,2954.860107421875,123608160000,8957.26953125,7288.10986328125,8889.5498046875,79171670000,24764.76953125,20735.01953125,24345.720703125,9805160000,1373.3900146484375,1035.3900146484375,1310.6600341796875,123608160000,6151.60009765625,5395.10009765625,5901.2001953125,23791430900,20365.890625,17646.5,20193.689453125,1837200000,164.4199981689453,147.85000610351562,158.8000030517578,260294400,99.01000213623048,100.93000030517578,98.80999755859376,99.0199966430664,99.0199966430664,48.15999984741211,16.8799991607666,19.1200008392334,766819040,41.38,30.03,4029.75,1669.15966796875,16.569992065429688,31.280000686645508,756.5,2719.390625,338.0
2020-05-01,13.2,255.848,0.13,0.15,0.67,0.05,3.32,2926.37,19935.444,10867000,107.2,133040,28.56,2869.090087890625,3068.669921875,107135190000,9523.6396484375,8537.830078125,9489.8701171875,81175640000,25758.7890625,22789.619140625,25383.109375,7940630000,1450.3699951171875,1181.0899658203125,1394.0400390625,107135190000,6234.0,5661.10009765625,6076.60009765625,21094713000,21955.439453125,19448.9296875,21877.890625,1539400000,164.9600067138672,157.8000030517578,162.91000366210938,235361000,99.12999725341795,100.55999755859376,97.9499969482422,98.33999633789062,98.33999633789062,27.489999771118164,18.36000061035156,25.8799991607666,263306100,30.03,31.775,2969.169921875,985.8095703125,7.160003662109375,9.129999160766605,572.89990234375,2506.509765625,269.280029296875
2020-06-01,11.0,257.004,0.16,0.18,0.73,0.08,2.78,3106.32,19935.444,5961000,107.58,137655,38.31,3038.780029296875,3233.1298828125,131458880000,10221.849609375,9403.0,10058.76953125,112284350000,27580.2109375,24843.1796875,25812.880859375,9710480000,1537.6199951171875,1343.5999755859375,1441.3699951171875,131458880000,6511.7998046875,5952.39990234375,6169.7001953125,22104672700,23185.849609375,21529.830078125,22288.140625,1754000000,167.99000549316406,157.0399932861328,167.3699951171875,222122700,98.3000030517578,98.31999969482422,95.72000122070312,97.38999938964844,97.38999938964844,29.420000076293945,25.36000061035156,28.059999465942383,218052500,31.775,26.685,2737.03125,818.849609375,10.95001220703125,4.059999465942386,559.39990234375,1656.01953125,194.02001953125
2020-07-01,10.2,258.408,0.13,0.14,0.62,0.09,2.48,3217.035,21684.551,5534000,106.68,139240,40.71,3105.919921875,3279.989990234375,96928130000,10839.9296875,10048.0400390625,10745.26953125,95054280000,27071.330078125,25523.509765625,26428.3203125,8210370000,1507.239990234375,1384.0999755859375,1480.4300537109375,96928130000,6323.60009765625,5897.7998046875,5897.7998046875,16153869800,22965.560546875,21710.0,21710.0,1454700000,186.13999938964844,165.33999633789062,185.42999267578125,305156400,97.38999938964844,97.62000274658205,92.5500030517578,93.48999786376952,93.48999786376952,30.21999931335449,27.899999618530277,29.06999969482422,120345500,26.685,22.54,1547.8203125,791.8896484375,20.800003051757812,2.3199996948242116,425.80029296875,1255.560546875,123.1400146484375
2020-08-01,8.4,259.366,0.1,0.12,0.65,0.1,2.36,3380.35,21684.551,4612000,106.01,140774,42.34,3288.260009765625,3514.77001953125,82466520000,11829.83984375,10762.7099609375,11775.4599609375,78996130000,28733.349609375,26534.380859375,28430.05078125,7452360000,1603.5999755859375,1483.3699951171875,1561.8800048828125,82466520000,6297.2001953125,5857.10009765625,5963.60009765625,11928004700,23431.0390625,21919.830078125,23139.759765625,1357300000,194.4499969482422,179.0399932861328,184.8300018310547,389593200,93.45999908447266,93.98999786376952,91.98999786376952,92.13999938964844,92.13999938964844,31.190000534057617,29.030000686645508,30.57999992370605,106323500,22.54,26.57,2198.96875,1067.1298828125,15.410003662109375,2.1599998474121094,440.10009765625,1511.208984375,120.22998046875
2020-09-01,7.8,259.951,0.11,0.12,0.68,0.09,2.37,3351.6,21684.551,3407000,105.59,141820,39.63,3507.43994140625,3588.110107421875,92310780000,12074.0595703125,10519.490234375,11167.509765625,82496920000,29199.349609375,26537.009765625,27781.69921875,9973920000,1595.0400390625,1432.5699462890625,1507.68994140625,92310780000,6123.7001953125,5771.5,5866.10009765625,16805999200,23622.740234375,22878.7109375,23185.119140625,1362400000,186.9900054931641,173.77000427246094,177.1199951171875,219862100,92.18000030517578,94.73999786376952,91.75,93.88999938964844,93.88999938964844,30.940000534057617,26.270000457763672,28.290000915527344,101843200,26.57,28.01,2662.33984375,1554.5693359375,13.220001220703153,4.670000076293945,352.2001953125,744.029296875,162.4700927734375
2020-10-01,6.8,260.249,0.1,0.11,0.79,0.09,2.4,3431.24,22068.767,3977000,105.21,142493,39.4,3385.8701171875,3549.85009765625,89938980000,11965.5400390625,10822.5703125,10911.58984375,78287400000,28957.900390625,26143.76953125,26501.599609375,8439930000,1652.050048828125,1498.1099853515625,1538.47998046875,89938980000,6040.5,5525.5,5577.2998046875,16276769300,23725.580078125,22948.470703125,22977.130859375,1148600000,181.30999755859372,174.8300018310547,176.1999969482422,172289000,93.8000030517578,94.0999984741211,92.47000122070312,94.04000091552734,94.04000091552734,29.309999465942383,24.75,25.25,113237600,28.01,23.575,2814.130859375,1142.9697265625,6.479995727539034,4.559999465942383,515.0,777.109375,153.9400634765625
2020-11-01,6.7,260.895,0.09,0.1,0.87,0.09,2.27,3570.225,22068.767,3005000,104.41,142761,40.94,3296.199951171875,3645.989990234375,101247180000,12244.650390625,10830.9501953125,12198.740234375,91282630000,30116.509765625,26691.279296875,29638.640625,7872380000,1862.1700439453125,1540.8599853515625,1819.8199462890625,101247180000,6468.7001953125,5554.7001953125,6266.2001953125,23345270900,26834.19921875,23096.7890625,26433.619140625,1614800000,183.52999877929688,166.02999877929688,166.6699981689453,222246500,93.88999938964844,94.3000030517578,91.51000213623048,91.87000274658205,91.87000274658205,31.68000030517578,25.13999938964844,30.96999931335449,111281900,23.575,22.385,3425.23046875,1413.7001953125,17.5,6.54000091552734,914.0,3737.41015625,321.31005859375
2020-12-01,6.7,262.005,0.09,0.09,0.93,0.09,2.12,3694.77,22068.767,3347000,103.8,142518,47.02,3645.8701171875,3760.199951171875,96375680000,12973.330078125,12214.740234375,12888.2802734375,112635010000,30637.470703125,29599.2890625,30606.48046875,8098310000,2026.239990234375,1817.02001953125,1974.8599853515625,96375680000,6676.60009765625,6263.60009765625,6460.5,16921847100,27602.51953125,26327.080078125,27444.169921875,1340300000,178.39999389648438,169.3000030517578,178.36000061035156,177576400,91.9499969482422,91.9499969482422,89.5199966430664,89.94000244140625,89.94000244140625,33.66999816894531,30.34000015258789,33.0099983215332,107762800,22.385,23.25,1038.181640625,758.58984375,9.099990844726562,3.329998016357422,413.0,1275.439453125,209.219970703125
2021-01-01,6.4,262.518,0.08,0.09,1.08,0.09,2.13,3799.61,22656.793,4139000,103.79,142916,52.0,3764.610107421875,3870.89990234375,106117800000,13728.98046875,12543.240234375,13070.6904296875,139796850000,31272.220703125,29856.30078125,29982.619140625,8168770000,2194.860107421875,1927.1500244140625,2073.639892578125,106117800000,6903.60009765625,6397.2001953125,6407.5,15274136000,28979.529296875,27002.1796875,27663.390625,1388600000,183.2100067138672,170.97999572753906,172.61000061035156,210951400,89.93000030517578,90.87999725341795,89.20999908447266,90.58000183105467,90.58000183105467,36.31999969482422,32.2400016784668,35.18000030517578,107203300,23.25,21.99,1415.919921875,1185.740234375,12.230010986328125,4.079998016357422,506.39990234375,1977.349609375,267.7100830078125
2021-02-01,6.2,263.583,0.04,0.06,1.26,0.08,2.21,3906.71,22656.793,3020000,105.38,143443,59.04,3731.169921875,3950.429931640625,99082320000,14175.1201171875,13003.98046875,13192.349609375,142926770000,32009.640625,30014.970703125,30932.369140625,6713920000,2318.090087890625,2075.010009765625,2201.050048828125,99082320000,6799.89990234375,6407.5,6483.39990234375,16966878000,30714.51953125,27649.0703125,28966.009765625,1406000000,175.25999450683594,160.9499969482422,161.80999755859375,181008600,90.52999877929688,91.5999984741211,89.68000030517578,90.93000030517578,90.93000030517578,42.77000045776367,35.25,41.310001373291016,105730700,21.99,20.95,1994.669921875,1171.1396484375,14.30999755859375,7.520000457763672,392.39990234375,3065.44921875,243.080078125
2021-03-01,6.1,264.91,0.03,0.05,1.61,0.07,2.49,3913.1,22656.793,2677000,108.7,144274,62.33,3842.510009765625,3994.409912109375,122371150000,13620.7099609375,12397.0498046875,13246.8701171875,134201470000,33259.0,30547.529296875,32981.55078125,9687630000,2360.169921875,2085.1201171875,2220.52001953125,122371150000,6812.7998046875,6483.39990234375,6713.60009765625,17975344300,30485.0,28308.5703125,29178.80078125,1956500000,164.14999389648438,157.1300048828125,159.9600067138672,214111100,90.93000030517578,93.44000244140624,90.62999725341795,93.2300033569336,93.2300033569336,44.63999938964844,39.27000045776367,40.52999877929688,173269500,20.95,17.33,2711.470703125,1223.66015625,7.019989013671875,5.369998931884766,329.39990234375,2176.4296875,275.0498046875
2021-04-01,6.1,266.752,0.02,0.04,1.64,0.07,2.44,4141.59,23368.861,2356000,109.04,144593,61.72,3992.780029296875,4218.77978515625,83124090000,14211.5703125,13404.1796875,13962.6796875,91591470000,34256.75,32985.3515625,33874.8515625,6810740000,2322.909912109375,2171.679931640625,2266.449951171875,83124090000,7040.2998046875,6713.60009765625,6969.7998046875,13581435700,30208.890625,28419.83984375,28812.630859375,1231300000,168.38999938964844,161.27999877929688,165.66000366210938,143030700,93.22000122070312,93.33999633789062,90.41999816894533,91.27999877929688,91.27999877929688,44.61000061035156,39.52000045776367,43.27000045776367,121660100,17.33,19.315,1271.3984375,807.390625,7.1100006103515625,5.090000152587891,326.69970703125,1789.05078125,151.22998046875
2021-05-01,5.8,268.452,0.02,0.04,1.62,0.06,2.4,4170.72,23368.861,2346000,109.11,145044,65.17,4191.97998046875,4238.0400390625,88321860000,14042.1201171875,13002.5400390625,13748.740234375,89415440000,35091.55859375,33473.80078125,34529.44921875,6543360000,2288.570068359375,2132.25,2268.969970703125,88321860000,7164.2001953125,6823.60009765625,7022.60009765625,14313218800,29685.41015625,27385.029296875,28860.080078125,1313600000,178.61000061035156,165.5,178.3800048828125,199082500,91.3000030517578,91.44000244140624,89.54000091552734,89.83999633789062,89.83999633789062,45.93000030517578,42.31999969482422,45.41999816894531,109599700,19.315,16.54,1617.7578125,1039.580078125,13.110000610351562,3.6100006103515625,340.60009765625,2300.380859375,156.320068359375
2021-06-01,5.9,270.664,0.04,0.05,1.52,0.08,2.32,4234.535,23368.861,1642000,110.11,145822,71.38,4216.52001953125,4302.43017578125,102544180000,14535.9697265625,13548.9296875,14503.9501953125,108377000000,34849.3203125,33271.9296875,34502.51171875,6739760000,2350.699951171875,2229.580078125,2310.550048828125,102544180000,7217.5,6948.60009765625,7037.5,14962106000,29480.849609375,27795.859375,28791.529296875,1258700000,178.85000610351562,164.00999450683594,165.6300048828125,207522500,89.80999755859375,92.4499969482422,89.66000366210938,92.44000244140624,92.44000244140624,50.369998931884766,45.970001220703125,49.880001068115234,114439000,16.54,17.58,1577.390625,987.0400390625,14.840011596679688,4.399997711181641,268.89990234375,1684.990234375,121.119873046875
2021-07-01,5.4,271.994,0.05,0.05,1.32,0.1,2.21,4367.48,23921.991,1859000,110.21,146761,72.49,4300.72998046875,4429.97021484375,84255620000,14863.650390625,14178.66015625,14672.6796875,88708530000,35171.51953125,33741.76171875,34935.46875,6646570000,2332.949951171875,2107.070068359375,2226.25,84255620000,7170.60009765625,6813.0,7032.2998046875,13589817000,28852.310546875,27272.490234375,27283.58984375,1108100000,171.52000427246094,165.5,169.82000732421875,145195500,92.3499984741211,93.19000244140624,91.77999877929688,92.16999816894533,92.16999816894533,51.400001525878906,45.02000045776367,50.65999984741211,105683200,17.58,16.97,1429.7578125,684.990234375,6.0200042724609375,6.380001068115234,357.60009765625,1579.8203125,225.8798828125
2021-08-01,5.1,272.789,0.05,0.06,1.28,0.09,2.24,4447.889999999999,23921.991,1442000,109.85,147226,67.73,4406.85986328125,4537.35986328125,80500760000,15288.080078125,14423.16015625,15259.240234375,88083480000,35631.19140625,34690.25,35360.73046875,5625700000,2286.360107421875,2122.239990234375,2273.77001953125,80500760000,7224.5,6993.10009765625,7119.7001953125,12393989800,28279.80078125,26954.810546875,28089.5390625,1235400000,171.39999389648438,160.67999267578125,169.69000244140625,165504300,92.08999633789062,93.7300033569336,91.81999969482422,92.62999725341795,92.62999725341795,50.43000030517578,43.41999816894531,48.040000915527344,105354000,16.97,18.8,940.94140625,864.919921875,10.720001220703125,7.010002136230469,231.39990234375,1324.990234375,164.1201171875
2021-09-01,4.7,273.887,0.04,0.05,1.37,0.08,2.25,4455.48,23921.991,1418000,110.16,147706,71.65,4528.7998046875,4545.85009765625,85528860000,15403.4404296875,14444.2998046875,14448.580078125,95275100000,35475.3984375,33613.03125,33843.921875,6603470000,2309.969970703125,2155.340087890625,2204.3701171875,85528860000,7195.60009765625,6828.2998046875,7086.39990234375,15689089900,30795.779296875,28179.0390625,29452.66015625,1561500000,171.5500030517578,160.97000122070312,164.22000122070312,160613200,92.66000366210938,94.5,91.9499969482422,94.25,94.25,53.52000045776367,47.20000076293945,52.560001373291016,101269200,18.8,16.86,1862.3671875,959.140625,10.580001831054688,6.319999694824219,367.30029296875,2616.740234375,154.6298828125
2021-10-01,4.5,276.434,0.05,0.06,1.58,0.08,2.44,4471.37,24777.038,1426000,113.12,148566,81.48,4317.16015625,4608.080078125,80253600000,15504.1201171875,14181.6904296875,15498.3896484375,99492020000,35892.921875,33785.5390625,35819.55859375,6709650000,2321.469970703125,2188.68994140625,2297.18994140625,80253600000,7281.2001953125,6945.5,7237.60009765625,15426029100,29489.109375,27293.619140625,28892.689453125,1601900000,169.5399932861328,163.47000122070312,166.64999389648438,136138300,94.30999755859376,94.55999755859376,93.27999877929688,94.12000274658205,94.12000274658205,58.68999862670898,52.34000015258789,57.150001525878906,105607900,16.86,17.59,2107.3828125,1322.4296875,6.0699920654296875,6.349998474121087,335.7001953125,2195.490234375,132.780029296875
2021-11-01,4.1,278.799,0.05,0.07,1.56,0.08,2.51,4682.85,24777.038,944000,113.97,149197,79.15,4610.6201171875,4743.830078125,88268840000,16212.23046875,15451.3896484375,15537.6904296875,109314860000,36565.73046875,34424.44140625,34483.71875,7201370000,2458.860107421875,2175.679931640625,2198.909912109375,88268840000,7402.7001953125,6989.7001953125,7059.5,18456189400,29960.9296875,27819.140625,27821.759765625,1433700000,174.6699981689453,164.3800048828125,165.5,162163400,94.12999725341795,96.94000244140624,93.81999969482422,95.98999786376952,95.98999786376952,58.040000915527344,46.470001220703125,47.90999984741211,150338100,17.59,20.44,2141.2890625,760.8408203125,10.289993286132812,11.569999694824219,413.0,2141.7890625,283.18017578125
2021-12-01,3.9,280.808,0.06,0.15,1.47,0.08,2.58,4677.860000000001,24777.038,844000,113.83,149763,71.71,4602.81982421875,4808.93017578125,92750180000,15901.4697265625,14860.0400390625,15644.9697265625,104264460000,36679.44140625,34006.98046875,36338.30078125,8304570000,2276.75,2107.679931640625,2245.31005859375,92750180000,7457.10009765625,7059.39990234375,7384.5,14564393900,29121.009765625,27588.609375,28791.7109375,1284100000,171.0399932861328,163.8000030517578,170.9600067138672,151214100,95.94000244140624,96.91000366210938,95.56999969482422,95.66999816894533,95.66999816894533,55.72999954223633,46.15999984741211,54.36000061035156,140933900,20.44,21.55,2672.4609375,1041.4296875,7.239990234375,9.569999694824219,397.7001953125,1532.400390625,169.070068359375
2022-01-01,4.0,282.39,0.15,0.33,1.76,0.08,2.87,4618.07,25215.491,1183000,114.83,150014,83.22,4778.14013671875,4818.6201171875,95562890000,15852.1396484375,13094.650390625,14239.8798828125,100106820000,36952.6484375,33150.328125,35131.859375,8811950000,2288.300048828125,1901.3599853515625,2028.449951171875,95562890000,7619.0,7283.39990234375,7464.39990234375,17923915900,29388.16015625,26044.51953125,27001.98046875,1387900000,173.14999389648438,166.3699951171875,168.08999633789062,211125100,95.66999816894533,97.44000244140624,94.62999725341795,96.54000091552734,96.54000091552734,62.9900016784668,53.93999862670898,62.47999954223633,109347300,21.55,25.7,3802.3203125,2757.4892578125,6.779998779296875,9.05000305175782,335.60009765625,3343.640625,386.9400634765625
2022-02-01,3.8,284.535,0.33,0.64,1.93,0.08,3.3,4471.07,25215.491,871000,115.28,150876,91.64,4519.56982421875,4595.31005859375,92667710000,14509.5595703125,12587.8798828125,13751.400390625,89543300000,35824.28125,32272.640625,33892.6015625,7256540000,2105.2099609375,1894.449951171875,2048.090087890625,92667710000,7687.2998046875,7204.7001953125,7458.2998046875,19718352900,27880.69921875,25775.640625,26526.8203125,1390900000,182.6000061035156,167.02999877929688,178.3800048828125,254601300,96.6999969482422,97.73999786376952,95.13999938964844,96.70999908447266,96.70999908447266,70.23999786376953,61.58000183105469,67.4800033569336,141861000,25.7,26.67,3551.640625,1921.6796875,15.570007324218722,8.659996032714844,482.599609375,2105.05859375,210.760009765625
2022-03-01,3.6,287.553,0.44,0.83,2.13,0.2,3.84,4386.54,25215.491,853000,118.58,151370,108.5,4363.14013671875,4637.2998046875,123546260000,14646.900390625,12555.349609375,14220.51953125,131081330000,35372.26171875,32578.73046875,34678.3515625,9154390000,2138.449951171875,1932.7099609375,2070.1298828125,123546260000,7595.39990234375,6788.0,7515.7001953125,27754790700,28338.810546875,24681.740234375,27821.4296875,1882500000,193.3000030517578,176.69000244140625,180.6499938964844,377087100,96.7699966430664,99.41999816894533,96.62999725341795,98.30999755859376,98.30999755859376,87.83999633789062,67.7300033569336,74.12000274658203,277704700,26.67,22.425,2793.53125,2091.55078125,16.610000610351562,20.10999298095703,807.39990234375,3657.0703125,205.739990234375
2022-04-01,3.7,288.764,0.76,1.23,2.75,0.33,4.3,4404.99,25805.791,1066000,126.37,151642,101.78,4540.31982421875,4593.4501953125,90367840000,14534.3798828125,12315.740234375,12334.6396484375,96581010000,35492.21875,32913.1484375,32977.2109375,7146800000,2103.360107421875,1860.5799560546875,1864.0999755859373,90367840000,7669.60009765625,7339.5,7544.60009765625,17374689400,27965.939453125,26051.0390625,26847.900390625,1345900000,186.1000061035156,175.5,176.91000366210938,195348400,98.33999633789062,103.93000030517578,98.30999755859376,102.95999908447266,102.95999908447266,81.69999694824219,71.08000183105469,77.16000366210938,119970400,22.425,29.3,2579.0703125,2218.6396484375,10.600006103515597,10.6199951171875,330.10009765625,1914.900390625,242.7801513671875
2022-05-01,3.6,291.359,0.98,1.45,2.9,0.77,4.66,4008.01,25805.791,843000,128.85,151928,109.55,4130.60986328125,4307.66015625,108860390000,12985.009765625,11035.6904296875,12081.3896484375,111465680000,34117.73828125,30635.759765625,32990.12109375,8934160000,1952.75,1701.1500244140625,1864.0400390625,108860390000,7648.2998046875,7158.5,7607.7001953125,20011498100,27463.330078125,25688.109375,27279.80078125,1582900000,177.61000061035156,168.00999450683594,171.13999938964844,179911400,103.20999908447266,105.01000213623048,101.3000030517578,101.75,101.75,88.31999969482422,74.22000122070312,85.47000122070312,89201300,29.3,28.26,3481.978515625,1949.3193359375,9.600006103515625,14.099998474121094,489.7998046875,1775.220703125,251.5999755859375
2022-06-01,3.6,294.996,1.49,2.11,3.14,1.21,5.01,3821.55,25805.791,858000,133.96,152348,114.84,4149.77978515625,4177.509765625,106116710000,12320.1201171875,10565.1396484375,11028.740234375,113875890000,33272.33984375,29653.2890625,30775.4296875,7655170000,1919.72998046875,1641.469970703125,1707.989990234375,106116710000,7646.7001953125,6998.2001953125,7169.2998046875,17794709200,28389.75,25520.23046875,26393.0390625,1637700000,174.94000244140625,168.24000549316406,168.4600067138672,145735200,101.76000213623048,105.79000091552734,101.63999938964844,104.69000244140624,104.69000244140624,92.1999969482422,78.48999786376953,80.3499984741211,98246400,28.26,24.69,3619.05078125,1754.98046875,6.6999969482421875,13.70999908447267,648.5,2869.51953125,278.260009765625
2022-07-01,3.5,294.977,2.23,2.76,2.9,1.68,5.0,3901.0,26272.011,1097000,136.71,153038,101.62,3781.0,4140.14990234375,81688320000,12426.259765625,10911.4501953125,12390.6904296875,94293720000,32910.1796875,30143.9296875,32845.12890625,6354530000,1888.219970703125,1681.5799560546875,1885.22998046875,81688320000,7441.2001953125,7007.10009765625,7423.39990234375,16880458400,28015.6796875,25841.75,27801.640625,1339300000,168.67999267578125,158.02999877929688,164.10000610351562,134877000,104.77999877929688,109.29000091552734,104.73999786376952,105.9000015258789,105.9000015258789,82.45999908447266,69.51000213623047,78.05000305175781,100235900,24.69,21.77,2766.25,1514.8095703125,10.649993896484375,12.949996948242188,434.10009765625,2173.9296875,206.6400146484375
2022-08-01,3.6,295.209,2.63,3.05,2.9,2.33,4.92,4145.19,26272.011,867000,135.28,153281,93.67,4112.3798828125,4325.27978515625,92252350000,13181.08984375,11790.01953125,11816.2001953125,110367680000,34281.359375,31509.58984375,31510.4296875,6960090000,2030.050048828125,1843.0799560546875,1844.1199951171875,92252350000,7578.89990234375,7263.60009765625,7284.2001953125,14748978900,29222.76953125,27530.599609375,28091.529296875,1397800000,167.97999572753906,159.25999450683594,159.27000427246094,110217900,105.83000183105467,109.4800033569336,104.63999938964844,108.6999969482422,108.6999969482422,78.95999908447266,70.41999816894531,73.11000061035156,91808400,21.77,26.605,2771.76953125,1391.0703125,8.720001220703125,8.540000915527344,315.2998046875,1692.169921875,186.9700927734375
2022-09-01,3.5,296.341,3.13,3.63,3.52,2.56,5.59,3899.89,26272.011,791000,143.28,153536,84.26,3936.72998046875,4119.27978515625,94241020000,12270.1904296875,10572.330078125,10575.6201171875,98888530000,32504.0390625,28715.849609375,28725.509765625,7785160000,1906.0899658203125,1650.7099609375,1664.719970703125,94241020000,7514.0,6829.2998046875,6893.7998046875,21881336000,28659.759765625,25805.58984375,25937.2109375,1377200000,161.6199951171875,151.02999877929688,154.6699981689453,139879400,108.83999633789062,114.77999877929688,107.68000030517578,112.12000274658205,112.12000274658205,73.72000122070312,63.150001525878906,65.27999877929688,85959000,26.605,30.1,3788.189453125,1697.8603515625,10.589996337890625,10.569999694824219,684.7001953125,2854.169921875,255.3800048828125
2022-10-01,3.6,297.863,3.72,4.18,3.98,3.08,6.25,3719.98,26734.277,1014000,147.05,153897,87.55,3609.780029296875,3905.419921875,95823760000,11230.4404296875,10088.830078125,10988.150390625,98292380000,32889.80859375,28660.939453125,32732.94921875,7758140000,1854.5699462890625,1641.93994140625,1846.8599853515625,95823760000,7132.89990234375,6707.60009765625,7094.5,18562316200,27602.990234375,25621.9609375,27587.4609375,1435500000,161.0800018310547,151.27000427246094,151.91000366210938,118402700,112.16999816894533,113.94000244140624,109.54000091552734,111.52999877929688,111.52999877929688,76.11000061035156,67.16999816894531,71.52999877929688,63992200,30.1,23.630000000000003,4228.869140625,1141.6103515625,9.80999755859375,8.94000244140625,425.2998046875,1981.029296875,212.6300048828125
2022-11-01,3.6,298.648,4.15,4.48,3.89,3.78,6.01,3957.25,26734.277,840000,142.45,154155,84.37,3901.7900390625,4080.110107421875,92671910000,11492.6201171875,10262.9296875,11468.0,101572370000,34589.76953125,31727.05078125,34589.76953125,7214910000,1905.8399658203125,1757.449951171875,1886.5799560546875,92671910000,7599.2998046875,7076.5,7573.10009765625,17021630000,28502.2890625,27032.01953125,27968.990234375,1555800000,166.22999572753906,150.57000732421875,164.80999755859375,114967900,111.5199966430664,113.1500015258789,105.31999969482422,105.9499969482422,105.9499969482422,77.72000122070312,65.0,70.2300033569336,88208800,23.630000000000003,21.97,2862.71875,1229.6904296875,15.659988403320312,12.720001220703125,522.7998046875,1470.26953125,148.3900146484375
2022-12-01,3.5,298.812,4.25,4.55,3.62,4.1,5.61,3895.75,26734.277,1042000,134.91,154291,76.44,4087.139892578125,4100.9599609375,85249330000,11571.6396484375,10207.4697265625,10466.48046875,100007430000,34712.28125,32573.4296875,33147.25,6980640000,1898.449951171875,1722.02001953125,1761.25,85249330000,7599.7001953125,7302.7998046875,7451.7001953125,12559415600,28423.4609375,25953.919921875,26094.5,1484200000,170.61000061035156,164.32000732421875,169.63999938964844,106815500,105.6999969482422,105.9000015258789,103.38999938964844,103.5199966430664,103.5199966430664,72.13999938964844,61.810001373291016,70.11000061035156,93498400,21.97,19.85,2138.8515625,1364.169921875,6.2899932861328125,10.329998016357422,296.900390625,2469.541015625,176.429931640625
2023-01-01,3.4,300.356,4.54,4.67,3.53,4.33,5.42,3977.89,27164.359,811000,130.45,154773,78.12,3853.2900390625,4094.2099609375,80763810000,11691.8896484375,10265.0400390625,11584.5498046875,106732920000,34342.3203125,32812.328125,34086.0390625,6774530000,1931.949951171875,1737.260009765625,1931.93994140625,80763810000,7875.60009765625,7448.7001953125,7771.7001953125,17366687200,27502.150390625,25661.890625,27327.109375,1364600000,181.22000122070312,169.7899932861328,179.41000366210938,118786700,103.66000366210938,105.62999725341795,101.5,102.0999984741211,102.0999984741211,72.25,63.93000030517578,69.31999969482422,53264500,19.85,20.255000000000003,1529.9921875,1426.849609375,11.430007934570312,8.319999694824219,426.89990234375,1840.259765625,194.68994140625
2023-02-01,3.6,301.509,4.65,4.81,3.75,4.57,5.59,4090.46,27164.359,854000,133.05,155060,76.83,4070.070068359375,4195.43994140625,80392280000,12269.5498046875,11334.4697265625,11455.5400390625,99644100000,34334.69921875,32636.4296875,32656.69921875,6105230000,2007.31005859375,1875.81005859375,1896.989990234375,80392280000,8047.10009765625,7745.39990234375,7876.2998046875,16667898300,27821.220703125,27046.080078125,27445.560546875,1369700000,181.72999572753903,168.19000244140625,169.77999877929688,113802300,102.0999984741211,105.36000061035156,100.81999969482422,104.87000274658205,104.87000274658205,70.43000030517578,63.66999816894531,67.20999908447266,53325900,20.255000000000003,21.38,1698.26953125,935.080078125,13.539993286132784,6.760002136230469,301.7001953125,775.140625,131.5
2023-03-01,3.5,301.744,4.69,4.77,3.66,4.65,5.73,3970.99,27164.359,908000,133.66,155206,73.28,3963.340087890625,4110.75,113094800000,12227.9296875,10982.7998046875,12221.91015625,120323510000,33572.21875,31429.8203125,33274.1484375,8080340000,1931.719970703125,1695.22998046875,1802.47998046875,113094800000,7974.39990234375,7206.7998046875,7631.7001953125,22521536600,28734.7890625,26632.919921875,28041.48046875,1782200000,186.2400054931641,168.52000427246094,183.22000122070312,223186600,105.04000091552734,105.87999725341795,101.91999816894533,102.51000213623048,102.51000213623048,70.5199966430664,57.83000183105469,66.44000244140625,110411000,21.38,17.8,2142.3984375,1245.1298828125,17.720001220703153,12.689994812011719,767.60009765625,2101.869140625,236.489990234375
2023-04-01,3.4,303.032,4.92,4.79,3.46,4.83,5.46,4129.79,27453.815,1083000,133.47,155484,79.45,4102.2001953125,4170.06005859375,70861260000,12245.4296875,11798.76953125,12226.580078125,90509520000,34104.55859375,33235.8515625,34098.16015625,5336390000,1812.3699951171875,1725.8199462890625,1768.989990234375,70861260000,7936.10009765625,7631.7001953125,7870.60009765625,13499372100,28879.240234375,27427.66015625,28856.439453125,1305200000,190.41000366210935,183.22000122070312,184.8000030517578,170988100,102.58999633789062,103.05999755859376,100.79000091552734,101.66999816894533,101.66999816894533,72.6500015258789,65.16000366210938,67.5,64349700,17.8,17.46,868.70703125,446.66015625,7.190002441406222,7.489997863769531,304.39990234375,1451.580078125,86.550048828125
2023-05-01,3.7,303.365,5.14,5.03,3.57,5.06,5.65,4137.88,27453.815,908000,137.05,155787,71.58,4166.7900390625,4231.10009765625,88929200000,13154.2900390625,11925.3701171875,12935.2900390625,101290320000,34257.828125,32586.560546875,32908.26953125,6622820000,1816.4000244140625,1704.8199462890625,1749.6500244140625,88929230000,7898.7001953125,7446.10009765625,7446.10009765625,18165990600,31560.4296875,28931.810546875,30887.880859375,1779800000,191.3600006103516,180.08999633789062,182.32000732421875,182178000,101.66999816894533,104.6999969482422,101.02999877929688,104.31999969482422,104.31999969482422,66.93000030517578,59.77999877929688,60.630001068115234,93268800,17.46,13.88,1671.267578125,1228.919921875,11.270004272460966,7.150001525878899,452.60009765625,2628.619140625,111.580078125
2023-06-01,3.6,304.003,5.16,5.19,3.75,5.08,5.8,4365.69,27453.815,1014000,141.36,156027,70.25,4183.02978515625,4458.47998046875,87983140000,13864.0595703125,12903.6298828125,13787.919921875,107650300000,34588.6796875,32704.509765625,34407.6015625,6973110000,1906.8299560546875,1744.3699951171875,1888.72998046875,87983140000,7687.60009765625,7401.2001953125,7531.5,16089608200,33772.890625,30853.439453125,33189.0390625,2093700000,184.2100067138672,175.7899932861328,178.27000427246094,133963100,104.1500015258789,104.5,101.91999816894533,102.91000366210938,102.91000366210938,65.41000366210938,60.02000045776367,63.54999923706055,75922000,13.88,13.7,1884.169921875,960.4296875,8.420013427734375,5.390003204345703,286.39990234375,2919.451171875,162.4599609375
2023-07-01,3.5,304.628,5.25,5.27,3.9,5.12,5.81,4528.83,27967.697,1182000,140.94,156211,76.07,4450.47998046875,4607.06982421875,75063200000,14446.5498046875,13567.25,14346.01953125,96983440000,35645.3515625,33705.6796875,35559.53125,6364870000,2003.6199951171875,1823.9100341796875,2003.1800537109373,71250730000,7722.89990234375,7229.60009765625,7699.39990234375,13603497200,33762.80859375,31791.7109375,33172.21875,1923900000,184.22999572753903,176.66000366210938,182.3500061035156,99846800,102.91999816894533,103.56999969482422,99.58000183105467,101.86000061035156,101.86000061035156,73.29000091552734,63.119998931884766,73.16999816894531,46755800,13.7,15.96,1939.671875,879.2998046875,7.569992065429659,10.170001983642578,493.2998046875,1971.09765625,179.7099609375
2023-08-01,3.8,306.187,5.3,5.28,4.17,5.33,5.99,4467.71,27967.697,981000,144.78,156421,81.39,4578.830078125,4584.6201171875,86840820000,14309.2099609375,13161.759765625,14034.9697265625,110754840000,35679.12890625,34029.21875,34721.91015625,7048360000,1996.8900146484373,1830.8399658203125,1899.6800537109373,86840820000,7715.2001953125,7215.7998046875,7439.10009765625,15665960700,33488.76953125,31275.25,32619.33984375,1973300000,181.3800048828125,174.92999267578125,180.02000427246094,140381800,101.87000274658205,104.4499969482422,101.73999786376952,103.62000274658205,103.62000274658205,75.36000061035156,70.43000030517578,75.05999755859375,66339500,15.96,14.23,1649.91015625,1147.4501953125,6.45001220703125,4.930000305175781,499.400390625,2213.51953125,166.05004882812477
2023-09-01,3.8,307.288,5.32,5.31,4.38,5.33,6.15,4450.73,27967.697,1094000,147.85,156667,89.43,4530.60009765625,4541.25,73482980000,14149.6201171875,12963.16015625,13219.3203125,94727650000,34979.1796875,33306.30078125,33507.5,6186180000,1926.81005859375,1761.6099853515625,1785.0999755859375,73482980000,7746.5,7369.60009765625,7608.10009765625,14522839000,33634.30859375,31674.419921875,31857.619140625,2103300000,181.1199951171875,171.27000427246094,171.4499969482422,122794800,103.62000274658205,106.83999633789062,103.2699966430664,106.16999816894533,106.16999816894533,83.29000091552734,75.94000244140625,80.86000061035156,67788800,14.23,18.775,1672.87890625,1186.4599609375,9.849990844726562,7.349998474121094,376.89990234375,1959.888671875,165.2000732421875
2023-10-01,3.8,307.531,5.34,5.33,4.8,5.33,6.55,4270.875,28296.967,842000,149.59,156832,85.64,4284.52001953125,4393.56982421875,83519460000,13714.1396484375,12543.8603515625,12851.240234375,97818540000,34147.62890625,32327.19921875,33052.87109375,6689000000,1786.6400146484375,1633.6700439453125,1662.280029296875,79952900000,7687.89990234375,7279.89990234375,7321.7001953125,15293068800,32533.080078125,30487.669921875,30858.849609375,2095900000,186.3600006103516,168.3000030517578,184.08999633789065,222519000,106.16999816894533,107.3499984741211,105.36000061035156,106.66000366210938,106.66000366210938,81.9800033569336,73.33999633789062,75.0199966430664,113156800,18.775,14.165,1820.4296875,1170.279296875,18.05999755859378,8.640007019042969,408.0,2045.41015625,152.969970703125
2023-11-01,3.7,308.024,5.27,5.24,4.5,5.33,6.19,4502.88,28296.967,870000,149.68,157014,77.69,4201.27001953125,4587.64013671875,80970570000,14423.2197265625,12875.2001953125,14226.2197265625,95884580000,35970.69921875,33010.8515625,35950.890625,6275680000,1830.0,1649.06005859375,1809.02001953125,80970570000,7533.7998046875,7304.89990234375,7453.7998046875,15440590100,33853.4609375,31301.509765625,33486.890625,2121500000,189.9900054931641,179.11000061035156,188.75,143756500,106.66999816894533,107.11000061035156,102.47000122070312,103.5,103.5,76.72000122070312,67.44999694824219,70.13999938964844,97028600,14.165,12.595,2959.84765625,1548.01953125,10.880004882812528,9.270004272460938,228.89990234375,2551.951171875,180.93994140625
2023-12-01,3.7,308.742,5.24,5.12,4.02,5.33,5.55,4713.139999999999,28296.967,1039000,143.98,157304,71.9,4559.43017578125,4793.2998046875,81530670000,15150.0703125,14058.51953125,15011.349609375,120361680000,37778.8515625,35914.44921875,37689.5390625,6326740000,2071.780029296875,1800.81005859375,2027.0699462890625,81530670000,7762.89990234375,7453.7998046875,7733.2001953125,15682233700,33824.05859375,32205.380859375,33464.171875,2079300000,193.17999267578125,183.1499938964844,191.1699981689453,153596100,103.36000061035156,104.26000213623048,100.62000274658205,101.33000183105467,101.33000183105467,71.58999633789062,63.84000015258789,66.6500015258789,94475000,12.595,13.28,1864.40234375,1091.55078125,10.029998779296847,7.749996185302734,309.10009765625,1618.677734375,270.969970703125
2024-01-01,3.7,309.685,5.22,5.02,4.06,5.33,5.46,4783.45,28624.069,838000,146.29,157560,74.15,4745.2001953125,4931.08984375,81737880000,15630.580078125,14477.5703125,15164.009765625,111351260000,38588.859375,37122.94921875,38150.30078125,7141910000,2032.489990234375,1898.239990234375,1947.3399658203125,81737880000,7764.39990234375,7404.10009765625,7630.60009765625,19386620600,36984.51171875,32693.1796875,36286.7109375,2081800000,191.88999938964844,185.4499969482422,188.4499969482422,124732000,101.41999816894533,103.81999969482422,101.33999633789062,103.2699966430664,103.2699966430664,73.19000244140625,65.4800033569336,70.91999816894531,110219700,13.28,13.85,1465.91015625,1153.009765625,6.44000244140625,7.709999084472656,360.2998046875,4291.33203125,134.25
2024-02-01,3.9,311.054,5.24,5.09,4.21,5.33,5.6,5003.094999999999,28624.069,837000,149.62,157796,77.25,4861.10986328125,5111.06005859375,82066930000,16134.2197265625,15208.8798828125,16091.919921875,106763830000,39282.28125,38039.859375,38996.390625,6258860000,2072.969970703125,1921.3599853515625,2054.840087890625,82066930000,7748.7001953125,7493.0,7630.0,23461838100,39426.2890625,35854.62890625,39166.19140625,2433700000,191.3600006103516,183.77999877929688,189.30999755859372,118518800,103.51000213623048,104.9800033569336,102.9000015258789,104.16000366210938,104.16000366210938,74.73999786376953,66.8499984741211,73.36000061035156,91532400,13.85,13.785,1242.421875,925.33984375,7.580001831054716,7.8899993896484375,255.7001953125,3571.66015625,151.6099853515625
2024-03-01,3.8,312.23,5.24,5.11,4.21,5.33,5.58,5161.335,28624.069,1068000,149.82,158106,81.28,5098.509765625,5264.85009765625,86299510000,16538.859375,15862.6298828125,16379.4599609375,106387420000,39889.05078125,38457.828125,39807.37109375,7300670000,2135.4599609375,2009.81005859375,2124.550048828125,86299510000,7975.39990234375,7598.5,7952.60009765625,24521204100,41087.75,38271.37890625,40369.44140625,2518700000,206.0500030517578,189.44000244140625,205.72000122070312,162577000,104.12999725341795,104.7300033569336,102.36000061035156,104.5500030517578,104.5500030517578,78.94000244140625,72.37000274658203,78.7300033569336,72403900,13.785,15.745,1431.22265625,676.2294921875,16.610000610351562,6.569999694824219,376.89990234375,2816.37109375,125.64990234375
2024-04-01,3.9,313.207,5.24,5.15,4.54,5.33,5.84,5108.0650000000005,29016.714,841000,153.89,158214,85.35,5257.97021484375,5263.9501953125,81747170000,16490.650390625,15222.7802734375,15657.8203125,107535290000,39815.0,37611.55859375,37815.921875,7743400000,2126.06005859375,1931.5400390625,1973.9100341796875,81747170000,8200.0,7793.89990234375,8144.10009765625,21908724500,40697.21875,36733.05859375,38405.66015625,2522300000,225.08999633789065,206.2899932861328,211.8699951171875,253986400,104.48999786376952,106.5199966430664,103.87999725341795,106.22000122070312,106.22000122070312,83.41000366210938,77.56999969482422,78.37999725341797,107181600,15.745,12.92,2203.44140625,1267.8701171875,18.80000305175784,5.840003967285156,406.10009765625,3964.16015625,194.52001953125
2024-05-01,4.0,313.225,5.25,5.17,4.48,5.33,5.75,5256.8150000000005,29016.714,892000,155.87,158430,80.02,5029.02978515625,5341.8798828125,86849720000,17032.66015625,15557.6396484375,16735.01953125,140039820000,40077.3984375,37780.5390625,38686.3203125,7502120000,2112.320068359375,1968.030029296875,2070.1298828125,86849720000,8474.400390625,8111.39990234375,8275.400390625,22052384800,39437.16015625,37617.0,38487.8984375,2632400000,225.66000366210935,210.7100067138672,215.3000030517578,141704900,106.31999969482422,106.48999786376952,104.08000183105467,104.66999816894533,104.66999816894533,78.37999725341797,73.87999725341797,74.81999969482422,63365200,12.92,12.645,2296.859375,1475.0205078125,14.949996948242159,4.5,363.00048828125,1820.16015625,144.2900390625
2024-06-01,4.1,313.049,5.24,5.15,4.31,5.33,5.63,5433.74,29016.714,1184000,157.86,158548,79.77,5297.14990234375,5523.64013671875,76025620000,18035.0,16646.4296875,17732.599609375,107772060000,39571.23046875,38247.21875,39118.859375,7213580000,2088.530029296875,1993.22998046875,2047.68994140625,76025620000,8371.7001953125,8112.89990234375,8164.10009765625,18910547600,39788.62890625,37950.19921875,39583.078125,2209000000,219.97000122070312,211.5399932861328,215.00999450683597,108836200,104.62999725341795,106.12999725341795,103.98999786376952,105.87000274658205,105.87000274658205,80.04000091552734,70.44000244140625,79.58999633789062,41372900,12.645,13.19,1324.01171875,1388.5703125,8.430007934570312,9.599998474121094,258.80029296875,1838.4296875,95.300048828125
2024-07-01,4.3,313.534,5.2,5.01,4.25,5.33,5.53,5550.165,29016.714,953000,157.52,158692,81.8,5471.080078125,5669.669921875,80160390000,18671.0703125,17015.380859375,17599.400390625,119005630000,41376.0,39037.94140625,40842.7890625,7507140000,2300.0,2019.06005859375,2254.47998046875,80160390000,8399.900390625,8056.0,8368.0,16067728100,42426.76953125,37611.19140625,39101.8203125,2570500000,229.6499938964844,214.4900054931641,226.5500030517578,138673000,105.8499984741211,106.0500030517578,103.6500015258789,104.0999984741211,104.0999984741211,82.5999984741211,74.0,77.73999786376953,49747700,13.19,16.689999999999998,2338.05859375,1655.689453125,15.159988403320312,8.599998474121094,343.900390625,4815.578125,280.93994140625
2024-08-01,4.2,314.121,5.05,4.74,3.87,5.33,5.2,5548.735000000001,29016.714,1155000,146.26,158851,76.68,5537.83984375,5651.6201171875,81097300000,18017.689453125,15708.5400390625,17713.619140625,121239310000,41585.2109375,38499.26953125,41563.078125,8368220000,2262.72998046875,1993.27001953125,2217.6298828125,81097300000,8414.400390625,7915.89990234375,8376.599609375,18173603500,38781.55859375,31156.119140625,38647.75,3034000000,234.00999450683597,220.1100006103516,231.2899932861328,147220700,104.06999969482422,104.4499969482422,100.51000213623048,101.6999969482422,101.6999969482422,79.16999816894531,71.7300033569336,74.33999633789062,73319900,16.689999999999998,17.07,3085.94140625,2309.1494140625,13.899993896484375,7.439994812011719,498.50048828125,7625.439453125,269.4599609375
