Date,Unemployment Rate,CPI,Three Month T Bill Rate,Six Month T Bill Rate,10-Year Treasury Constant Maturity Rate,Fed Rate,BBB Rate,SP500 Index,VIX_x,GDP,Initial Claims,JPY/USD Spot Rate,Total Nonfarm Employees,Spot Crude Oil Price,SP500 Volume,NASDAQ Open,NASDAQ High,NASDAQ Low,NASDAQ Close,NASDAQ Adj Close,NASDAQ Volume,DJI Open,DJI High,DJI Low,DJI Close,DJI Adj Close,DJI Volume,RUSSELL2000 Open,RUSSELL2000 High,RUSSELL2000 Low,RUSSELL2000 Close,RUSSELL2000 Adj Close,RUSSELL2000 Volume,FTSE Open,FTSE High,FTSE Low,FTSE Close,FTSE Adj Close,FTSE Volume,NIKKEI Open,NIKKEI High,NIKKEI Low,NIKKEI Close,NIKKEI Adj Close,NIKKEI Volume,GOLD Open,GOLD High,GOLD Low,GOLD Close,GOLD Adj Close,GOLD Volume,USD INDEX Open,USD INDEX High,USD INDEX Low,USD INDEX Close,USD INDEX Adj Close,VXN Open,VXN High,VXN Low,VXN Close,VXN Adj Close
2014-10-01,5.7,237.43,0.02,0.05,2.3,0.09,3.5,1943.725,16.53,17912.079,1155000,108.03,139804,84.4,93714040000,4486.64990234375,4641.509765625,4116.60009765625,4630.740234375,4630.740234375,50136190000,17040.4609375,17395.5390625,15855.1201171875,17390.51953125,17390.51953125,2903240000,1101.0799560546875,1174.3299560546875,1040.469970703125,1173.510009765625,1173.510009765625,93694040000,6622.7001953125,6622.7998046875,6072.7001953125,6546.5,6546.5,20158414000,16173.3896484375,16533.91015625,14529.0302734375,16413.759765625,16413.759765625,3436700000,1207.699951171875,1251.0,1161.4000244140625,1171.0999755859375,1171.0999755859375,4510,85.91000366210938,87.12999725341797,84.47000122070312,86.87999725341797,86.87999725341797,18.260000228881836,31.170000076293945,15.3100004196167,15.8100004196167,15.8100004196167
2014-11-01,5.8,236.983,0.02,0.07,2.33,0.09,3.63,2039.82,13.33,17912.079,1458000,116.3,140088,75.79,63600190000,4633.7099609375,4810.85986328125,4594.919921875,4791.6298828125,4791.6298828125,32967990000,17390.900390625,17894.830078125,17278.359375,17828.240234375,17828.240234375,1516490000,1174.5,1191.760009765625,1151.97998046875,1173.22998046875,1173.22998046875,63570190000,6546.5,6773.10009765625,6444.89990234375,6722.60009765625,6722.60009765625,14266358300,16732.849609375,17520.5390625,16713.369140625,17459.849609375,17459.849609375,3155400000,1166.4000244140625,1202.4000244140625,1133.0,1175.199951171875,1175.199951171875,299410,87.08000183105469,88.44000244140625,86.87999725341797,88.36000061035156,88.36000061035156,15.739999771118164,17.18000030517578,13.479999542236328,14.739999771118164,14.739999771118164
2014-12-01,5.6,236.252,0.03,0.11,2.21,0.12,3.78,2063.8900000000003,15.155000000000001,17912.079,1138000,119.32,140366,59.29,80743820000,4777.72998046875,4814.9501953125,4547.31005859375,4736.0498046875,4736.0498046875,39587090000,17827.26953125,18103.44921875,17067.58984375,17823.0703125,17823.0703125,2216900000,1170.550048828125,1221.43994140625,1134.510009765625,1204.699951171875,1204.699951171875,80713820000,6722.60009765625,6753.2001953125,6144.7001953125,6566.10009765625,6566.10009765625,13989469200,17475.099609375,18030.830078125,16672.939453125,17450.76953125,17450.76953125,2962900000,1160.0,1238.0,1141.699951171875,1183.9000244140625,1183.9000244140625,11140,88.2300033569336,90.33000183105469,87.62999725341797,90.2699966430664,90.2699966430664,14.739999771118164,24.079999923706055,14.300000190734863,19.639999389648438,19.639999389648438
2015-01-01,5.7,234.747,0.03,0.08,1.88,0.11,3.64,2024.4650000000001,19.455,18063.529,1438000,118.25,140562,47.22,77330040000,4760.240234375,4777.009765625,4563.10986328125,4635.240234375,4635.240234375,38719030000,17823.0703125,17951.779296875,17136.30078125,17164.94921875,17164.94921875,2173260000,1209.97998046875,1212.800048828125,1151.300048828125,1165.3900146484375,1165.3900146484375,77300040000,6566.10009765625,6865.0,6298.2001953125,6749.39990234375,6749.39990234375,15644596100,17325.6796875,17850.58984375,16592.5703125,17674.390625,17674.390625,2691500000,1184.0,1303.5,1169.5,1278.5,1278.5,258615,90.36000061035156,95.4800033569336,90.33000183105469,94.80000305175781,94.80000305175781,19.729999542236328,23.700000762939453,16.389999389648438,21.59000015258789,21.59000015258789
2015-04-01,5.4,236.222,0.02,0.09,1.94,0.12,3.41,2097.29,13.3,18279.784,1144000,119.51,141202,54.45,72060940000,4894.35986328125,5119.830078125,4844.39013671875,4941.419921875,4941.419921875,37409760000,17778.51953125,18175.560546875,17585.009765625,17840.51953125,17840.51953125,2174880000,1250.989990234375,1278.6300048828125,1216.0999755859375,1220.1300048828125,1220.1300048828125,69440940000,6773.0,7122.7001953125,6765.39990234375,6960.60009765625,6960.60009765625,14644991100,19129.75,20252.119140625,18927.94921875,19520.009765625,19520.009765625,3047400000,1182.9000244140625,1224.199951171875,1174.5999755859375,1182.4000244140625,1182.4000244140625,7838,98.41999816894531,99.98999786376953,94.4000015258789,94.5999984741211,94.5999984741211,17.360000610351562,18.639999389648438,13.510000228881836,16.510000228881836,16.510000228881836
2015-05-01,5.6,237.001,0.02,0.08,2.2,0.12,3.63,2115.295,13.075,18279.784,1370000,120.8,141539,59.27,65187730000,4966.31982421875,5111.5400390625,4888.169921875,5070.02978515625,5070.02978515625,35994540000,17859.26953125,18351.359375,17733.119140625,18010.6796875,18010.6796875,1832450000,1223.050048828125,1261.02001953125,1211.1300048828125,1246.530029296875,1246.530029296875,65187730000,6960.60009765625,7083.7001953125,6810.10009765625,6984.39990234375,6984.39990234375,15318287400,19510.849609375,20655.330078125,19257.849609375,20563.150390625,20563.150390625,3291500000,1178.0999755859375,1228.0999755859375,1170.0,1189.4000244140625,1189.4000244140625,258123,94.83000183105469,97.77999877929688,93.12999725341797,96.91000366210938,96.91000366210938,16.31999969482422,18.510000228881836,13.079999923706055,14.75,14.75
2015-06-01,5.3,237.657,0.02,0.09,2.36,0.13,3.85,2101.8999999999996,14.015,18279.784,1095000,123.72,141695,59.82,73213980000,5094.93994140625,5164.35986328125,4956.22998046875,4986.8701171875,4986.8701171875,41338820000,18017.8203125,18188.810546875,17576.5,17619.509765625,17619.509765625,2219240000,1252.02001953125,1296.0,1238.6500244140625,1253.949951171875,1253.949951171875,73192620000,6984.39990234375,7037.60009765625,6521.0,6521.0,6521.0,16012377600,20444.5390625,20952.7109375,19990.55078125,20235.73046875,20235.73046875,3459500000,1190.5999755859375,1204.0,1164.0,1171.5,1171.5,6252,96.88999938964844,97.68000030517578,93.55999755859375,95.48999786376953,95.48999786376953,14.920000076293945,19.93000030517578,13.420000076293945,19.34000015258789,19.34000015258789
2015-07-01,5.2,238.034,0.03,0.12,2.32,0.13,3.9,2100.875,13.405,18401.626,1111000,123.31,141989,50.9,77920590000,5029.0498046875,5231.93994140625,4901.509765625,5128.27978515625,5128.27978515625,40633420000,17638.119140625,18137.119140625,17399.169921875,17689.859375,17689.859375,2034220000,1262.1199951171875,1275.9000244140625,1205.18994140625,1238.6800537109375,1238.6800537109375,77920590000,6521.0,6813.39990234375,6430.39990234375,6696.2998046875,6696.2998046875,15435132500,20291.05078125,20850.0,19115.19921875,20585.240234375,20585.240234375,3318200000,1173.0999755859375,1173.0999755859375,1078.5999755859375,1094.9000244140625,1094.9000244140625,216892,95.5999984741211,98.1500015258789,95.44999694824219,97.37000274658203,97.37000274658203,18.190000534057617,20.389999389648438,12.0600004196167,14.59000015258789,14.59000015258789
2015-08-01,5.1,238.033,0.07,0.22,2.17,0.14,4.0,2083.39,13.77,18401.626,1376000,123.0,142130,42.87,84626790000,5134.33984375,5175.259765625,4292.14013671875,4776.509765625,4776.509765625,43408300000,17696.740234375,17704.759765625,15370.330078125,16528.029296875,16528.029296875,2726340000,1238.3199462890625,1243.1600341796875,1102.5799560546875,1159.449951171875,1159.449951171875,84596790000,6696.2998046875,6764.7998046875,5768.2001953125,6247.89990234375,6247.89990234375,17165806900,20540.2109375,20946.9296875,17714.30078125,18890.48046875,18890.48046875,3723100000,1095.5,1169.0,1080.5,1131.5999755859375,1131.5999755859375,13251,97.22000122070312,98.33000183105469,92.62000274658203,95.94999694824219,95.94999694824219,14.600000381469727,46.720001220703125,14.40999984741211,29.920000076293945,29.920000076293945
2015-09-01,5.0,237.498,0.02,0.18,2.17,0.14,4.07,1948.86,24.25,18401.626,1078000,120.15,142265,45.48,79989370000,4673.60986328125,4960.8701171875,4487.06005859375,4620.16015625,4620.16015625,41503920000,16528.029296875,16933.4296875,15942.3701171875,16284.7001953125,16284.7001953125,2724080000,1148.31005859375,1193.989990234375,1078.6300048828125,1100.68994140625,1100.68994140625,79958370000,6247.89990234375,6284.2001953125,5877.10009765625,6061.60009765625,6061.60009765625,17973431900,18763.720703125,18777.470703125,16901.490234375,17388.150390625,17388.150390625,3132300000,1133.5,1155.9000244140625,1098.199951171875,1115.5,1115.5,9119,95.93000030517578,96.69999694824219,94.05999755859375,96.3499984741211,96.3499984741211,29.920000076293945,34.20000076293945,20.18000030517578,26.81999969482422,26.81999969482422
2015-10-01,5.0,237.733,0.02,0.11,2.07,0.12,4.04,2021.4,16.11,18435.137,1335000,120.05,142584,46.22,85844900000,4624.4599609375,5095.68994140625,4552.33984375,5053.75,5053.75,42348240000,16278.6201171875,17799.9609375,16013.66015625,17663.5390625,17663.5390625,2605470000,1100.8900146484375,1178.780029296875,1080.6099853515625,1161.8599853515625,1161.8599853515625,85804900000,6061.60009765625,6487.89990234375,6051.60009765625,6361.10009765625,6361.10009765625,15357871100,17479.970703125,19202.33984375,17389.5703125,19083.099609375,19083.099609375,2979600000,1115.199951171875,1189.0,1105.800048828125,1141.5,1141.5,4321,96.2699966430664,97.81999969482422,93.80999755859375,96.94999694824219,96.94999694824219,26.81999969482422,27.5,14.399999618530273,17.299999237060547,17.299999237060547
2015-12-01,5.0,237.761,0.23,0.49,2.24,0.24,4.32,2054.365,17.73,18435.137,1084000,121.64,143083,37.19,83649260000,5129.64013671875,5176.77001953125,4871.58984375,5007.41015625,5007.41015625,40617940000,17719.720703125,17901.580078125,17116.73046875,17425.029296875,17425.029296875,2521440000,1198.9300537109375,1205.0799560546875,1108.760009765625,1135.8900146484375,1135.8900146484375,83609260000,6356.10009765625,6447.2998046875,5871.89990234375,6242.2998046875,6242.2998046875,13433251400,19799.080078125,20012.400390625,18562.509765625,19033.7109375,19033.7109375,2749100000,1064.5999755859375,1098.800048828125,1046.199951171875,1060.300048828125,1060.300048828125,10149,100.25,100.51000213623047,97.19000244140625,98.62999725341797,98.62999725341797,18.100000381469727,26.959999084472656,16.6200008392334,19.6299991607666,19.6299991607666
2016-01-01,4.8,237.652,0.26,0.43,2.09,0.34,4.41,1906.9,23.95,18525.933,1398000,118.23,143196,31.68,92409770000,4897.64990234375,4926.72998046875,4313.39013671875,4613.9501953125,4613.9501953125,44877130000,17405.48046875,17405.48046875,15450.5595703125,16466.30078125,16466.30078125,2844080000,1134.0799560546875,1134.0799560546875,958.47998046875,1035.3800048828125,1035.3800048828125,92409770000,6242.2998046875,6242.2998046875,5639.89990234375,6083.7998046875,6083.7998046875,17403133600,18818.580078125,18951.119140625,16017.259765625,17518.30078125,17518.30078125,3235900000,1063.4000244140625,1125.699951171875,1063.199951171875,1116.4000244140625,1116.4000244140625,229558,98.69000244140625,99.83000183105469,98.05000305175781,99.61000061035156,99.61000061035156,19.6299991607666,35.400001525878906,19.6299991607666,23.639999389648438,23.639999389648438
2016-02-01,4.9,237.336,0.31,0.44,1.78,0.38,4.46,1916.615,21.744999999999997,18525.933,1067000,114.62,143411,30.32,93049560000,4587.58984375,4636.93017578125,4209.759765625,4557.9501953125,4557.9501953125,43108650000,16453.630859375,16795.98046875,15503.009765625,16516.5,16516.5,2491810000,1033.530029296875,1044.9100341796875,943.0999755859375,1033.9000244140625,1033.9000244140625,92998480000,6083.7998046875,6115.39990234375,5499.5,6097.10009765625,6097.10009765625,19208966500,17699.599609375,17905.369140625,14865.76953125,16026.759765625,16026.759765625,4174100000,1116.699951171875,1260.800048828125,1115.300048828125,1233.9000244140625,1233.9000244140625,13930,99.54000091552734,99.62999725341797,95.23999786376953,98.20999908447266,98.20999908447266,23.639999389648438,34.08000183105469,21.8799991607666,23.549999237060547,23.549999237060547
2016-03-01,5.0,238.08,0.29,0.46,1.89,0.36,4.16,2024.705,15.870000000000001,18525.933,1053000,112.93,143666,37.55,92639420000,4596.009765625,4899.14013671875,4581.75,4869.85009765625,4869.85009765625,40738880000,16545.669921875,17790.109375,16545.669921875,17685.08984375,17685.08984375,2407750000,1035.52001953125,1117.7900390625,1035.52001953125,1114.030029296875,1114.030029296875,92639420000,6097.10009765625,6237.0,6036.7001953125,6174.89990234375,6174.89990234375,16590666300,16013.0,17291.349609375,15857.3701171875,16758.669921875,16758.669921875,3307500000,1240.5,1280.699951171875,1210.0,1234.199951171875,1234.199951171875,244751,98.18000030517578,98.58000183105469,94.31999969482422,94.58999633789062,94.58999633789062,23.549999237060547,23.549999237060547,15.949999809265137,16.850000381469727,16.850000381469727
2016-04-01,5.1,238.992,0.23,0.37,1.81,0.37,3.76,2080.73,13.96,18711.702,1330000,109.55,143856,40.75,81124990000,4842.5498046875,4969.31982421875,4740.83984375,4775.35986328125,4775.35986328125,38014300000,17661.740234375,18167.630859375,17484.23046875,17773.640625,17773.640625,2096650000,1112.9000244140625,1156.0699462890625,1088.56005859375,1130.8499755859375,1130.8499755859375,81124990000,6174.89990234375,6427.2998046875,6061.89990234375,6241.89990234375,6241.89990234375,15817457800,16719.560546875,17613.560546875,15471.7998046875,16666.05078125,16666.05078125,3230600000,1232.300048828125,1295.5,1209.199951171875,1289.199951171875,1289.199951171875,9954,94.63999938964844,95.19999694824219,93.01000213623047,93.08000183105469,93.08000183105469,17.969999313354492,20.360000610351562,15.329999923706055,19.299999237060547,19.299999237060547
2016-06-01,4.9,240.222,0.27,0.4,1.64,0.38,3.54,2087.175,17.810000000000002,18711.702,1061000,105.35,144152,48.76,86852700000,4928.97021484375,4980.14013671875,4574.25,4842.669921875,4842.669921875,44213900000,17754.55078125,18016.0,17063.080078125,17929.990234375,17929.990234375,2350020000,1154.510009765625,1190.1700439453125,1085.8800048828125,1151.9200439453125,1151.9200439453125,86802700000,6230.7998046875,6504.2998046875,5788.7001953125,6504.2998046875,6504.2998046875,24836871900,17097.220703125,17145.94921875,14864.009765625,15575.919921875,15575.919921875,3093000000,1215.699951171875,1355.5999755859375,1205.4000244140625,1318.4000244140625,1318.4000244140625,13380,95.81999969482422,96.70999908447266,93.0199966430664,96.13999938964844,96.13999938964844,15.770000457763672,27.100000381469727,14.770000457763672,17.579999923706055,17.579999923706055
2016-07-01,4.8,240.101,0.3,0.39,1.5,0.39,3.33,2163.7650000000003,12.85,18892.639,1297000,104.19,144515,44.65,69530250000,4837.18017578125,5175.81005859375,4786.009765625,5162.1298828125,5162.1298828125,36050040000,17924.240234375,18622.009765625,17713.44921875,18432.240234375,18432.240234375,1816520000,1151.75,1224.77001953125,1131.7099609375,1219.93994140625,1219.93994140625,69530250000,6504.2998046875,6780.10009765625,6432.5,6724.39990234375,6724.39990234375,19192240800,15698.01953125,16938.9609375,15106.51953125,16569.26953125,16569.26953125,2816900000,1324.5,1374.9000244140625,1312.800048828125,1349.0,1349.0,281653,95.88999938964844,97.56999969482422,95.33999633789062,95.52999877929688,95.52999877929688,17.540000915527344,19.34000015258789,13.829999923706055,13.970000267028809,13.970000267028809
2016-08-01,4.9,240.545,0.3,0.44,1.56,0.4,3.28,2180.38,12.38,18892.639,1054000,101.24,144664,44.72,75610310000,5167.419921875,5275.740234375,5109.7998046875,5213.22021484375,5213.22021484375,38754780000,18434.5,18722.609375,18247.7890625,18400.880859375,18400.880859375,1695750000,1220.300048828125,1251.3299560546875,1198.72998046875,1239.9100341796875,1239.9100341796875,75610310000,6724.39990234375,6955.2998046875,6615.7998046875,6781.5,6781.5,15725368400,16415.310546875,16943.669921875,15921.0400390625,16887.400390625,16887.400390625,2675600000,1348.800048828125,1366.0,1306.300048828125,1306.9000244140625,1306.9000244140625,11854,95.51000213623047,96.5199966430664,94.08000183105469,96.0199966430664,96.0199966430664,13.970000267028809,16.280000686645508,13.199999809265137,15.34000015258789,15.34000015258789
2016-09-01,5.0,241.176,0.29,0.46,1.63,0.4,3.3,2159.93,13.48,18892.639,1006000,101.78,144961,45.18,77023620000,5218.27978515625,5342.8798828125,5097.7998046875,5312.0,5312.0,40112010000,18396.5703125,18551.5390625,17992.2109375,18308.150390625,18308.150390625,2101120000,1240.0699462890625,1263.4599609375,1206.0699462890625,1251.6500244140625,1251.6500244140625,77023620000,6781.5,6941.10009765625,6654.5,6899.2998046875,6899.2998046875,18132999100,16885.16015625,17156.359375,16285.41015625,16449.83984375,16449.83984375,2493200000,1305.300048828125,1350.5,1301.5,1313.300048828125,1313.300048828125,18630,95.98999786376953,96.33000183105469,94.47000122070312,95.45999908447266,95.45999908447266,15.34000015258789,19.200000762939453,13.390000343322754,15.449999809265137,15.449999809265137
2016-10-01,4.9,241.741,0.33,0.47,1.76,0.4,3.35,2141.16,14.24,19089.379,1279000,103.91,145069,49.78,72915530000,5300.2900390625,5340.52001953125,5169.759765625,5189.14013671875,5189.14013671875,34708450000,18279.599609375,18399.9609375,17959.94921875,18142.419921875,18142.419921875,1793690000,1251.280029296875,1254.0899658203125,1185.1700439453125,1191.3900146484375,1191.3900146484375,72915530000,6899.2998046875,7129.7998046875,6898.10009765625,6954.2001953125,6954.2001953125,18708869600,16566.029296875,17461.029296875,16554.830078125,17425.01953125,17425.01953125,2222800000,1313.5,1316.800048828125,1248.9000244140625,1271.5,1271.5,5775,95.41999816894531,99.12000274658203,95.41999816894531,98.44999694824219,98.44999694824219,16.399999618530273,19.540000915527344,14.779999732971191,19.31999969482422,19.31999969482422
2016-11-01,4.7,242.026,0.45,0.57,2.14,0.41,3.67,2176.94,13.72,19089.379,983000,108.44,145188,45.66,88445380000,5199.77001953125,5403.85986328125,5034.41015625,5323.68017578125,5323.68017578125,41950260000,18158.240234375,19225.2890625,17883.560546875,19123.580078125,19123.580078125,2107770000,1191.77001953125,1347.199951171875,1156.0799560546875,1322.3399658203125,1322.3399658203125,88445380000,6954.2001953125,6997.2998046875,6676.60009765625,6783.7998046875,6783.7998046875,20197573900,17380.5390625,18482.939453125,16111.8095703125,18308.48046875,18308.48046875,3226000000,1279.300048828125,1318.5999755859375,1167.9000244140625,1170.800048828125,1170.800048828125,242622,98.38999938964844,101.91999816894531,95.88999938964844,101.5,101.5,19.309999465942383,23.350000381469727,14.210000038146973,15.130000114440918,15.130000114440918
2016-12-01,4.7,242.637,0.51,0.63,2.49,0.54,3.86,2256.96,12.22,19089.379,1261000,116.0,145410,51.97,75344550000,5323.8798828125,5512.3701171875,5238.2099609375,5383.1201171875,5383.1201171875,38648510000,19149.19921875,19987.630859375,19138.7890625,19762.599609375,19762.599609375,5952470000,1322.760009765625,1392.7099609375,1308.8499755859375,1357.1300048828125,1357.1300048828125,75344550000,6783.7998046875,7142.7998046875,6678.7001953125,7142.7998046875,7142.7998046875,14991595900,18535.240234375,19592.900390625,18227.390625,19114.369140625,19114.369140625,3038700000,1172.699951171875,1186.699951171875,1123.9000244140625,1150.0,1150.0,9972,101.51000213623047,103.6500015258789,99.43000030517578,102.38999938964844,102.38999938964844,15.5600004196167,17.510000228881836,12.890000343322754,16.68000030517578,16.68000030517578
2017-02-01,4.6,244.006,0.52,0.64,2.42,0.66,3.7,2337.58,11.49,19280.084,921000,112.91,145848,53.47,69260940000,5654.509765625,5867.89013671875,5616.39990234375,5825.43994140625,5825.43994140625,36811150000,19923.810546875,20851.330078125,19831.08984375,20812.240234375,20812.240234375,6185580000,1364.0699462890625,1410.4000244140625,1349.4300537109375,1386.6800537109375,1386.6800537109375,69260940000,7099.2001953125,7329.60009765625,7093.60009765625,7263.39990234375,7263.39990234375,16446446100,18926.970703125,19519.439453125,18805.3203125,19118.990234375,19118.990234375,2606300000,1211.9000244140625,1263.0999755859375,1197.9000244140625,1252.5999755859375,1252.5999755859375,11087,99.55999755859375,101.76000213623047,99.2300033569336,101.12000274658203,101.12000274658203,13.470000267028809,14.079999923706055,11.850000381469727,13.600000381469727,13.600000381469727
2017-03-01,4.4,243.892,0.74,0.87,2.48,0.79,3.76,2368.06,11.66,19280.084,935000,112.92,145976,49.33,81664010000,5874.85986328125,5928.06005859375,5769.39013671875,5911.740234375,5911.740234375,44064880000,20957.2890625,21169.109375,20412.80078125,20663.220703125,20663.220703125,6941970000,1389.1199951171875,1414.8199462890625,1335.0400390625,1385.9200439453125,1385.9200439453125,81664010000,7263.39990234375,7447.0,7255.7998046875,7322.89990234375,7322.89990234375,20039972500,19226.939453125,19668.009765625,18909.259765625,18909.259765625,18909.259765625,2646000000,1247.800048828125,1257.699951171875,1196.199951171875,1247.300048828125,1247.300048828125,251026,101.44000244140625,102.26000213623047,98.86000061035156,100.3499984741211,100.3499984741211,12.970000267028809,14.550000190734863,9.75,11.75,11.75
2017-04-01,4.4,244.193,0.8,0.93,2.3,0.9,3.64,2355.84,12.89,19438.643,1139000,110.09,146173,51.06,65369860000,5917.31982421875,6074.0400390625,5805.14990234375,6047.60986328125,6047.60986328125,33894020000,20665.169921875,21070.900390625,20379.55078125,20940.509765625,20940.509765625,5392630000,1386.4300537109375,1425.699951171875,1345.239990234375,1400.4300537109375,1400.4300537109375,65369860000,7322.89990234375,7406.39990234375,7096.7998046875,7203.89990234375,7203.89990234375,15771258600,18988.0,19289.4296875,18224.6796875,19196.740234375,19196.740234375,2178500000,1247.5,1294.800048828125,1243.0,1266.0999755859375,1266.0999755859375,9065,100.5,101.33999633789062,98.69999694824219,99.05000305175781,99.05000305175781,11.75,16.6200008392334,11.029999732971191,11.529999732971191,11.529999732971191
2017-05-01,4.4,244.004,0.89,1.02,2.3,0.91,3.59,2397.67,10.440000000000001,19438.643,956000,112.24,146389,48.48,79719460000,6067.56005859375,6221.990234375,5996.81005859375,6198.52001953125,6198.52001953125,42405030000,20962.73046875,21112.3203125,20553.44921875,21008.650390625,21008.650390625,6613570000,1401.010009765625,1411.0400390625,1351.010009765625,1370.2099609375,1370.2099609375,79719460000,7203.89990234375,7586.5,7203.89990234375,7520.0,7520.0,18338797800,19154.029296875,19998.490234375,19144.619140625,19650.5703125,19650.5703125,2230200000,1268.699951171875,1273.199951171875,1214.0,1272.0,1272.0,404733,98.93000030517578,99.88999938964844,96.80000305175781,96.91999816894531,96.91999816894531,11.529999732971191,16.84000015258789,11.170000076293945,12.9399995803833,12.9399995803833
2017-06-01,4.3,244.163,0.98,1.09,2.19,1.04,3.5,2434.145,10.434999999999999,19438.643,992000,110.91,146588,45.18,81078810000,6215.91015625,6341.7001953125,6087.81005859375,6140.419921875,6140.419921875,50292320000,21030.55078125,21535.029296875,20994.220703125,21349.630859375,21349.630859375,7214590000,1370.3299560546875,1433.7900390625,1370.3299560546875,1415.3599853515625,1415.3599853515625,81078810000,7520.0,7599.0,7302.7001953125,7312.7001953125,7312.7001953125,19146718200,19692.16015625,20318.109375,19686.3203125,20033.4296875,20033.4296875,2326500000,1268.0,1295.199951171875,1238.0999755859375,1240.699951171875,1240.699951171875,8948,96.98999786376953,97.87000274658203,95.47000122070312,95.66000366210938,95.66000366210938,12.949999809265137,21.030000686645508,12.529999732971191,17.610000610351562,17.610000610351562
2017-07-01,4.3,244.243,1.07,1.11,2.32,1.15,3.52,2459.94,10.004999999999999,19692.595,1254000,112.42,146772,46.63,63348090000,6173.2900390625,6460.83984375,6081.9599609375,6348.1201171875,6348.1201171875,36228200000,21392.30078125,21929.80078125,21279.30078125,21891.119140625,21891.119140625,5569720000,1416.469970703125,1452.0899658203125,1398.8299560546875,1425.1400146484375,1425.1400146484375,63348090000,7312.7001953125,7515.10009765625,7303.5,7372.0,7372.0,16029984200,20056.3203125,20200.880859375,19856.650390625,19925.1796875,19925.1796875,1790600000,1236.0,1270.800048828125,1208.5999755859375,1266.5999755859375,1266.5999755859375,292633,95.62000274658203,96.51000213623047,92.77999877929688,92.86000061035156,92.86000061035156,17.450000762939453,18.920000076293945,13.029999732971191,15.869999885559082,15.869999885559082
2017-08-01,4.4,245.183,1.01,1.11,2.21,1.16,3.47,2457.59,11.35,19692.595,991000,109.83,146907,48.04,70784900000,6372.16015625,6435.27001953125,6177.18994140625,6428.66015625,6428.66015625,41368170000,21961.419921875,22179.109375,21600.33984375,21948.099609375,21948.099609375,6150060000,1426.030029296875,1430.6600341796875,1349.3499755859375,1405.280029296875,1405.280029296875,70784900000,7372.0,7551.89990234375,7289.2001953125,7430.60009765625,7430.60009765625,14502712300,19907.080078125,20113.73046875,19280.01953125,19646.240234375,19646.240234375,1876000000,1268.4000244140625,1323.800048828125,1251.4000244140625,1316.199951171875,1316.199951171875,10098,92.88999938964844,94.1500015258789,91.62000274658203,92.66999816894531,92.66999816894531,15.859999656677246,19.31999969482422,13.859999656677246,14.329999923706055,14.329999923706055
2017-09-01,4.3,246.435,1.03,1.15,2.2,1.15,3.47,2497.605,10.175,19692.595,1362000,110.78,146999,49.82,66624120000,6442.169921875,6497.97998046875,6334.58984375,6495.9599609375,6495.9599609375,38354650000,21981.76953125,22419.509765625,21709.630859375,22405.08984375,22405.08984375,6342130000,1405.8199462890625,1493.56005859375,1393.8800048828125,1490.8599853515625,1490.8599853515625,66624120000,7430.60009765625,7460.5,7196.60009765625,7372.7998046875,7372.7998046875,15456243700,19733.5703125,20481.26953125,19239.51953125,20356.279296875,20356.279296875,1807500000,1320.199951171875,1355.800048828125,1277.0,1281.5,1281.5,26808,92.61000061035156,93.66999816894531,91.01000213623047,93.08000183105469,93.08000183105469,14.270000457763672,17.40999984741211,12.210000038146973,13.850000381469727,13.850000381469727
2017-11-01,4.2,247.284,1.23,1.36,2.35,1.16,3.56,2587.84,10.2,20037.088,991000,112.82,147375,56.64,73416960000,6758.64013671875,6914.18994140625,6667.31005859375,6873.97021484375,6873.97021484375,42080670000,23442.900390625,24327.8203125,23242.75,24272.349609375,24272.349609375,7335640000,1504.5400390625,1551.68994140625,1454.1700439453125,1544.1400146484375,1544.1400146484375,73416960000,7493.10009765625,7582.89990234375,7326.7001953125,7326.7001953125,7326.7001953125,18219002800,22144.919921875,23382.150390625,21972.33984375,22724.9609375,22724.9609375,1981200000,1272.199951171875,1296.199951171875,1265.300048828125,1273.199951171875,1273.199951171875,326214,94.55000305175781,95.1500015258789,92.5,93.01000213623047,93.01000213623047,15.0600004196167,16.90999984741211,12.34000015258789,15.930000305175781,15.930000305175781
2017-12-01,4.1,247.805,1.32,1.47,2.4,1.3,3.59,2668.86,10.17,20037.088,1213000,112.94,147521,57.88,65531700000,6844.0400390625,7003.89013671875,6734.1298828125,6903.39013671875,6903.39013671875,38755950000,24305.400390625,24876.0703125,23921.900390625,24719.220703125,24719.220703125,6589890000,1544.0999755859375,1559.6099853515625,1498.780029296875,1535.510009765625,1535.510009765625,65531700000,7326.7001953125,7697.60009765625,7288.7001953125,7687.7998046875,7687.7998046875,13803243500,22916.9296875,22994.330078125,22119.2109375,22764.939453125,22764.939453125,1539000000,1274.0999755859375,1306.300048828125,1236.5,1306.300048828125,1306.300048828125,7596,93.02999877929688,94.22000122070312,92.08000183105469,92.12000274658203,92.12000274658203,15.930000305175781,20.68000030517578,11.670000076293945,15.680000305175781,15.680000305175781
2018-01-01,4.0,248.859,1.41,1.59,2.58,1.41,3.68,2798.03,11.08,20328.553,941000,110.87,147667,63.7,77318690000,6937.64990234375,7505.77001953125,6924.080078125,7411.47998046875,7411.47998046875,44694030000,24809.349609375,26616.7109375,24741.69921875,26149.390625,26149.390625,9116920000,1536.1199951171875,1615.52001953125,1536.1199951171875,1574.97998046875,1574.97998046875,77318690000,7687.7998046875,7792.60009765625,7521.7998046875,7533.60009765625,7533.60009765625,16511936800,23073.73046875,24129.33984375,23065.19921875,23098.2890625,23098.2890625,1606300000,1302.300048828125,1362.4000244140625,1302.300048828125,1339.0,1339.0,338322,92.23999786376953,92.63999938964844,88.44000244140625,89.12999725341797,89.12999725341797,16.149999618530273,20.709999084472656,13.460000038146973,19.649999618530273,19.649999618530273
2018-02-01,4.1,249.529,1.57,1.75,2.86,1.42,3.94,2703.96,19.85,20328.553,884000,107.97,148054,62.23,79933970000,7377.169921875,7441.08984375,6630.669921875,7273.009765625,7273.009765625,44063140000,26083.0390625,26306.69921875,23360.2890625,25029.19921875,25029.19921875,9450250000,1574.72998046875,1582.280029296875,1436.4300537109375,1512.449951171875,1512.449951171875,79933970000,7533.60009765625,7554.7001953125,7073.0,7231.89990234375,7231.89990234375,16611916700,23276.099609375,23492.76953125,20950.150390625,22068.240234375,22068.240234375,1840200000,1343.800048828125,1361.4000244140625,1307.0,1315.5,1315.5,10243,89.04000091552734,90.69999694824219,88.25,90.61000061035156,90.61000061035156,19.600000381469727,38.18000030517578,17.59000015258789,22.010000228881836,22.010000228881836
2018-03-01,4.0,249.577,1.7,1.87,2.84,1.51,4.09,2716.94,18.36,20328.553,1129000,106.05,148280,62.73,76803890000,7274.75,7637.27001953125,6901.06982421875,7063.4501953125,7063.4501953125,48760550000,25024.0390625,25449.150390625,23509.060546875,24103.109375,24103.109375,8873040000,1512.0699462890625,1609.050048828125,1494.0,1529.4300537109375,1529.4300537109375,76803890000,7231.89990234375,7254.89990234375,6866.89990234375,7056.60009765625,7056.60009765625,17113890000,21901.130859375,21971.16015625,20347.490234375,21454.30078125,21454.30078125,1732700000,1310.4000244140625,1354.4000244140625,1301.800048828125,1322.800048828125,1322.800048828125,356297,90.66999816894531,90.93000030517578,88.94000244140625,89.97000122070312,89.97000122070312,22.010000228881836,33.630001068115234,16.459999084472656,26.68000030517578,26.68000030517578
2018-05-01,3.8,250.792,1.86,2.02,2.98,1.7,4.33,2716.55,13.425,20580.912,885000,109.69,148755,69.98,76011820000,7053.64990234375,7492.419921875,6991.14013671875,7442.1201171875,7442.1201171875,45761130000,24117.2890625,25086.490234375,23531.310546875,24415.83984375,24415.83984375,7278020000,1541.77001953125,1651.1099853515625,1527.7099609375,1633.6099853515625,1633.6099853515625,76011820000,7509.2998046875,7903.5,7492.39990234375,7678.2001953125,7678.2001953125,18687364400,22453.419921875,23050.390625,21931.650390625,22201.8203125,22201.8203125,1607600000,1313.199951171875,1320.800048828125,1285.199951171875,1300.0999755859375,1300.0999755859375,441893,91.80999755859375,95.02999877929688,91.80000305175781,93.98999786376953,93.98999786376953,21.020000457763672,21.8700008392334,15.789999961853027,16.780000686645508,16.780000686645508
2018-06-01,4.0,251.018,1.9,2.06,2.91,1.82,4.39,2762.59,12.79,20580.912,1113000,110.06,148968,67.87,77891360000,7487.66015625,7806.60009765625,7419.56005859375,7510.2998046875,7510.2998046875,48573740000,24542.08984375,25402.830078125,23997.2109375,24271.41015625,24271.41015625,7411110000,1635.4000244140625,1708.0999755859375,1630.06005859375,1643.0699462890625,1643.0699462890625,77891360000,7678.2001953125,7793.5,7508.2998046875,7636.89990234375,7636.89990234375,19442604000,22126.25,23011.5703125,22038.400390625,22304.509765625,22304.509765625,1513500000,1298.5999755859375,1307.699951171875,1244.800048828125,1251.300048828125,1251.300048828125,5166,93.94999694824219,95.52999877929688,93.19000244140625,94.62999725341797,94.62999725341797,16.479999542236328,24.170000076293945,14.930000305175781,20.8799991607666,20.8799991607666
2018-08-01,3.8,251.663,2.03,2.19,2.89,1.91,4.32,2856.98,12.49,20798.73,834000,111.0,149274,68.06,69523070000,7701.81982421875,8133.2998046875,7659.52001953125,8109.5400390625,8109.5400390625,46197780000,25461.630859375,26167.939453125,24965.76953125,25964.8203125,25964.8203125,5635410000,1670.8699951171875,1742.0899658203125,1657.5400390625,1740.75,1740.75,69523070000,7748.7998046875,7790.2001953125,7428.7001953125,7432.39990234375,7432.39990234375,15162821300,22642.1796875,23032.169921875,21851.3203125,22865.150390625,22865.150390625,1515200000,1222.9000244140625,1223.699951171875,1161.4000244140625,1200.300048828125,1200.300048828125,5996,94.55999755859375,96.9800033569336,94.43000030517578,95.13999938964844,95.13999938964844,19.190000534057617,19.389999389648438,14.579999923706055,16.040000915527344,16.040000915527344
2018-09-01,3.7,252.182,2.13,2.29,3.0,1.95,4.41,2904.31,12.79,20798.73,1026000,112.1,149361,70.23,63031510000,8087.9501953125,8104.06982421875,7873.93017578125,8046.35009765625,8046.35009765625,44907360000,25916.0703125,26769.16015625,25754.3203125,26458.310546875,26458.310546875,5262500000,1740.800048828125,1740.800048828125,1686.989990234375,1696.5699462890625,1696.5699462890625,63031510000,7432.39990234375,7552.0,7220.5,7510.2001953125,7510.2001953125,14865089900,22819.169921875,24286.099609375,22172.900390625,24120.0390625,24120.0390625,1447600000,1193.800048828125,1206.199951171875,1180.0,1191.5,1191.5,23406,95.19000244140625,95.73999786376953,93.80999755859375,95.19000244140625,95.19000244140625,17.670000076293945,20.520000457763672,15.609999656677246,16.579999923706055,16.579999923706055
2018-10-01,3.8,252.772,2.25,2.4,3.15,2.19,4.56,2767.78,20.06,20917.867,852000,112.72,149525,70.75,91930980000,8091.5,8107.3798828125,6922.830078125,7305.89990234375,7305.89990234375,61889960000,26598.359375,26951.810546875,24122.23046875,25115.759765625,25115.759765625,8373350000,1697.8299560546875,1703.81005859375,1459.1600341796875,1511.4100341796875,1511.4100341796875,91930980000,7510.2001953125,7526.2001953125,6851.60009765625,7128.10009765625,7128.10009765625,18596140600,24173.369140625,24448.0703125,20971.9296875,21920.4609375,21920.4609375,1822800000,1191.5999755859375,1238.5999755859375,1183.699951171875,1212.300048828125,1212.300048828125,4126,95.11000061035156,97.19999694824219,94.79000091552734,97.12999725341797,97.12999725341797,16.860000610351562,35.29999923706055,16.489999771118164,29.1200008392334,29.1200008392334
2018-11-01,3.8,252.594,2.33,2.46,3.12,2.2,4.73,2730.2,19.51,20917.867,901000,113.34,149622,56.96,80620020000,7327.81982421875,7572.93017578125,6830.759765625,7330.5400390625,7330.5400390625,48901700000,25142.080078125,26277.8203125,24268.740234375,25538.4609375,25538.4609375,7226940000,1512.6800537109375,1586.1700439453125,1465.25,1533.27001953125,1533.27001953125,80620020000,7128.10009765625,7196.39990234375,6904.2001953125,6980.2001953125,6980.2001953125,18276805900,21906.41015625,22583.4296875,21243.380859375,22351.060546875,22351.060546875,1534700000,1215.4000244140625,1236.0,1196.300048828125,1220.199951171875,1220.199951171875,304805,97.08000183105469,97.69000244140625,95.68000030517578,97.2699966430664,97.2699966430664,28.280000686645508,30.889999389648438,22.290000915527344,24.020000457763672,24.020000457763672
2018-12-01,3.9,252.767,2.37,2.48,2.83,2.27,4.73,2546.16,24.52,20917.867,1123000,112.2,149804,49.52,84162180000,7486.1298828125,7486.509765625,6190.169921875,6635.27978515625,6635.27978515625,49224830000,25779.5703125,25980.2109375,21712.529296875,23327.4609375,23327.4609375,8101540000,1536.3299560546875,1553.3399658203125,1266.9200439453125,1348.56005859375,1348.56005859375,84162180000,6980.2001953125,7145.5,6536.5,6728.10009765625,6728.10009765625,14897127200,22629.390625,22698.7890625,18948.580078125,20014.76953125,20014.76953125,1529200000,1222.5,1281.300048828125,1221.300048828125,1278.300048828125,1278.300048828125,4402,97.12999725341797,97.70999908447266,96.06999969482422,96.16999816894531,96.16999816894531,21.270000457763672,38.70000076293945,21.270000457763672,31.440000534057617,31.440000534057617
2019-01-01,4.0,252.561,2.37,2.45,2.71,2.4,4.6,2616.1,19.07,21111.6,891000,108.96,150062,51.38,80859870000,6506.91015625,7303.1201171875,6457.1298828125,7281.740234375,7281.740234375,49542480000,23058.609375,25109.619140625,22638.41015625,24999.669921875,24999.669921875,7189200000,1346.1099853515625,1500.739990234375,1325.1800537109375,1499.4200439453125,1499.4200439453125,80859870000,6728.10009765625,7001.89990234375,6599.5,6968.89990234375,6968.89990234375,14980085300,19655.130859375,20892.6796875,19241.369140625,20773.490234375,20773.490234375,1275600000,1286.0,1325.4000244140625,1275.300048828125,1319.699951171875,1319.699951171875,270998,96.13999938964844,96.95999908447266,95.02999877929688,95.58000183105469,95.58000183105469,34.0099983215332,34.0099983215332,19.6200008392334,20.239999771118164,20.239999771118164
2019-02-01,3.8,253.319,2.39,2.44,2.68,2.4,4.37,2753.03,15.38,21111.6,890000,110.44,150067,54.95,70638770000,7256.3701171875,7602.68994140625,7225.14013671875,7532.52978515625,7532.52978515625,42628810000,25025.310546875,26241.419921875,24883.0390625,25916.0,25916.0,5434540000,1499.530029296875,1602.0999755859375,1494.3699951171875,1575.550048828125,1575.550048828125,70638770000,6968.89990234375,7261.60009765625,6968.89990234375,7074.7001953125,7074.7001953125,13263289400,20797.029296875,21610.880859375,20315.310546875,21385.16015625,21385.16015625,1276100000,1320.300048828125,1344.0,1301.5999755859375,1312.800048828125,1312.800048828125,7989,95.55000305175781,97.37000274658203,95.4000015258789,96.16000366210938,96.16000366210938,20.239999771118164,22.190000534057617,16.670000076293945,17.170000076293945,17.170000076293945
2019-03-01,3.8,254.277,2.4,2.44,2.57,2.41,4.19,2805.37,14.33,21111.6,1059000,111.14,150294,58.15,79159660000,7587.4501953125,7850.10986328125,7332.919921875,7729.31982421875,7729.31982421875,49622660000,26019.669921875,26155.98046875,25208.0,25928.6796875,25928.6796875,6637700000,1577.5,1594.239990234375,1494.989990234375,1539.739990234375,1539.739990234375,79159660000,7074.7001953125,7370.60009765625,7074.7001953125,7279.2001953125,7279.2001953125,15186032200,21490.01953125,21860.390625,20911.5703125,21205.810546875,21205.810546875,1396900000,1312.199951171875,1322.9000244140625,1281.0,1293.0,1293.0,295700,96.22000122070312,97.70999908447266,95.73999786376953,97.27999877929688,97.27999877929688,16.780000686645508,21.6299991607666,14.550000190734863,16.6200008392334,16.6200008392334
2019-04-01,3.7,255.233,2.38,2.39,2.53,2.42,4.05,2905.03,13.11,21397.938,839000,111.64,150602,63.86,70090370000,7800.240234375,8176.080078125,7777.08984375,8095.39013671875,8095.39013671875,43553400000,26075.099609375,26695.9609375,26062.58984375,26592.91015625,26592.91015625,5854600000,1542.8900146484375,1603.0799560546875,1542.8900146484375,1591.2099609375,1591.2099609375,70090370000,7279.2001953125,7528.89990234375,7279.2001953125,7418.2001953125,7418.2001953125,13287624400,21500.890625,22362.919921875,21471.119140625,22258.73046875,22258.73046875,1187800000,1291.800048828125,1309.0999755859375,1266.0,1282.800048828125,1282.800048828125,6961,97.18000030517578,98.33000183105469,96.75,97.4800033569336,97.4800033569336,16.5,18.049999237060547,15.140000343322754,16.600000381469727,16.600000381469727
2019-05-01,3.6,255.296,2.35,2.35,2.4,2.39,3.96,2857.9,16.375,21397.938,874000,109.97,150640,60.83,77250740000,8132.93017578125,8164.7099609375,7448.22998046875,7453.14990234375,7453.14990234375,47822630000,26639.060546875,26689.390625,24809.509765625,24815.0390625,24815.0390625,6358230000,1593.47998046875,1618.3699951171875,1461.469970703125,1465.489990234375,1465.489990234375,77250740000,7418.2001953125,7446.5,7130.89990234375,7161.7001953125,7161.7001953125,15295061400,22184.400390625,22190.490234375,20581.580078125,20601.189453125,20601.189453125,1458100000,1278.699951171875,1306.4000244140625,1266.5999755859375,1305.800048828125,1305.800048828125,248448,97.52999877929688,98.37000274658203,97.02999877929688,97.75,97.75,16.270000457763672,26.469999313354492,15.949999809265137,23.229999542236328,23.229999542236328
2019-06-01,3.6,255.213,2.17,2.11,2.07,2.38,3.7,2890.6549999999997,15.865,21397.938,1126000,108.07,150844,54.66,71250630000,7441.2099609375,8088.8798828125,7292.22021484375,8006.240234375,8006.240234375,44821400000,24830.16015625,26907.369140625,24680.5703125,26599.9609375,26599.9609375,5544390000,1465.8800048828125,1570.739990234375,1460.489990234375,1566.5699462890625,1566.5699462890625,71250630000,7161.7001953125,7469.2001953125,7079.7001953125,7425.60009765625,7425.60009765625,14112662400,20327.869140625,21497.8203125,20289.640625,21275.919921875,21275.919921875,1195400000,1307.0,1433.300048828125,1307.0,1409.699951171875,1409.699951171875,6517,97.63999938964844,97.80000305175781,95.83999633789062,96.12999725341797,96.12999725341797,23.549999237060547,25.010000228881836,18.209999084472656,19.760000228881836,19.760000228881836
2019-07-01,3.7,255.802,2.1,2.03,2.06,2.4,3.56,2995.465,12.98,21717.171,834000,108.29,150934,57.35,70599470000,8145.85009765625,8339.6396484375,8059.2900390625,8175.419921875,8175.419921875,42846360000,26805.859375,27398.6796875,26616.2109375,26864.26953125,26864.26953125,5207470000,1574.6500244140625,1599.4000244140625,1543.56005859375,1574.6099853515625,1574.6099853515625,70599470000,7425.60009765625,7727.5,7425.60009765625,7586.7998046875,7586.7998046875,14244748100,21566.26953125,21823.0703125,20993.439453125,21521.529296875,21521.529296875,1168700000,1386.5999755859375,1444.199951171875,1382.800048828125,1426.0999755859375,1426.0999755859375,302051,96.25,98.68000030517578,96.25,98.5199966430664,98.5199966430664,17.729999542236328,19.270000457763672,15.119999885559082,18.780000686645508,18.780000686645508
2019-08-01,3.6,256.036,1.95,1.88,1.63,2.13,3.3,2894.5950000000003,18.725,21717.171,1055000,106.19,151155,54.81,80269220000,8190.56005859375,8311.0400390625,7662.89990234375,7962.8798828125,7962.8798828125,46323300000,26879.859375,27175.58984375,25339.599609375,26403.279296875,26403.279296875,6196080000,1574.9300537109375,1587.81005859375,1450.3199462890625,1494.8399658203125,1494.8399658203125,80269220000,7586.7998046875,7610.0,7020.2001953125,7207.2001953125,7207.2001953125,15937435200,21361.580078125,21556.689453125,20110.759765625,20704.369140625,20704.369140625,1373500000,1411.300048828125,1549.300048828125,1400.9000244140625,1519.0999755859375,1519.0999755859375,17142,98.58999633789062,99.0199966430664,97.20999908447266,98.91999816894531,98.91999816894531,18.489999771118164,28.299999237060547,17.389999389648438,22.389999389648438,22.389999389648438
2019-10-01,3.6,257.155,1.65,1.62,1.71,1.83,3.27,2989.69,14.25,21933.217,849000,108.14,151458,53.96,77720640000,8026.830078125,8335.5595703125,7700.0,8292.3603515625,8292.3603515625,44203530000,26962.5390625,27204.359375,25743.4609375,27046.23046875,27046.23046875,5660960000,1523.8499755859375,1581.1300048828125,1462.219970703125,1562.449951171875,1562.449951171875,77720640000,7408.2001953125,7433.2001953125,7004.39990234375,7248.39990234375,7248.39990234375,18280051200,21831.439453125,23008.4296875,21276.009765625,22927.0390625,22927.0390625,1347900000,1468.699951171875,1518.199951171875,1458.300048828125,1511.4000244140625,1511.4000244140625,5233,99.4000015258789,99.66999816894531,97.13999938964844,97.3499984741211,97.3499984741211,19.809999465942383,25.270000457763672,16.170000076293945,17.360000610351562,17.360000610351562
2019-11-01,3.6,257.879,1.54,1.55,1.81,1.55,3.27,3100.085,12.649999999999999,21933.217,1122000,108.86,151666,57.03,72410620000,8335.0498046875,8705.91015625,8326.5595703125,8665.4697265625,8665.4697265625,41773310000,27142.94921875,28174.970703125,27142.94921875,28051.41015625,28051.41015625,4925180000,1569.199951171875,1634.77001953125,1569.199951171875,1624.5,1624.5,72410620000,7248.39990234375,7446.0,7197.2998046875,7346.5,7346.5,14294070300,22730.490234375,23608.060546875,22705.599609375,23293.91015625,23293.91015625,1356700000,1511.0,1511.5999755859375,1447.0999755859375,1465.5999755859375,1465.5999755859375,443701,97.30000305175781,98.54000091552734,97.11000061035156,98.2699966430664,98.2699966430664,17.020000457763672,17.459999084472656,14.529999732971191,15.84000015258789,15.84000015258789
2020-01-01,3.6,258.906,1.52,1.52,1.76,1.55,3.07,3276.24,12.98,21727.657,858000,109.27,152045,57.52,77287980000,9039.4599609375,9451.4296875,8943.5,9150.9404296875,9150.9404296875,52694760000,28638.970703125,29373.619140625,28169.529296875,28256.029296875,28256.029296875,6170770000,1675.9000244140625,1715.0799560546875,1610.6400146484375,1614.06005859375,1614.06005859375,77287980000,7542.39990234375,7689.7001953125,7275.0,7286.0,7286.0,13224760700,23319.759765625,24115.94921875,22892.94921875,23205.1796875,23205.1796875,1133600000,1518.0999755859375,1604.199951171875,1518.0,1582.9000244140625,1582.9000244140625,316262,96.4800033569336,98.19000244140625,96.43000030517578,97.38999938964844,97.38999938964844,16.899999618530273,22.440000534057617,14.699999809265137,21.329999923706055,21.329999923706055
2020-02-01,3.5,259.246,1.52,1.47,1.5,1.58,2.9,3337.75,15.47,21727.657,1044000,110.03,152309,50.54,84436590000,9190.7197265625,9838.3701171875,8264.16015625,8567.3701171875,8567.3701171875,53886320000,28319.650390625,29568.5703125,24681.009765625,25409.359375,25409.359375,6991990000,1618.800048828125,1698.9100341796875,1448.2099609375,1476.4300537109375,1476.4300537109375,84436590000,7286.0,7547.7001953125,6460.10009765625,6580.60009765625,6580.60009765625,16563821000,22874.26953125,23995.369140625,20916.400390625,21142.9609375,21142.9609375,1396200000,1592.9000244140625,1686.5999755859375,1547.699951171875,1564.0999755859375,1564.0999755859375,9617,97.37000274658203,99.91000366210938,97.37000274658203,98.12999725341797,98.12999725341797,21.329999923706055,49.15999984741211,17.850000381469727,43.130001068115234,43.130001068115234
2020-04-01,14.8,256.126,0.14,0.17,0.66,0.05,3.96,2797.8,41.38,19935.444,18653000,107.74,130421,16.55,123608160000,7459.5,8957.26953125,7288.10986328125,8889.5498046875,8889.5498046875,79171670000,21227.380859375,24764.76953125,20735.01953125,24345.720703125,24345.720703125,9805160000,1127.72998046875,1373.3900146484375,1035.3900146484375,1310.6600341796875,1310.6600341796875,123608160000,5672.0,6151.60009765625,5395.10009765625,5901.2001953125,5901.2001953125,23791430900,18686.119140625,20365.890625,17646.5,20193.689453125,20193.689453125,1837200000,1570.0,1775.0,1570.0,1684.199951171875,1684.199951171875,14324,99.01000213623047,100.93000030517578,98.80999755859375,99.0199966430664,99.0199966430664,51.2599983215332,55.689998626708984,32.81999969482422,35.279998779296875,35.279998779296875
2020-05-01,13.2,255.848,0.13,0.15,0.67,0.05,3.32,2926.37,30.03,19935.444,10867000,107.2,133040,28.56,107135190000,8681.2900390625,9523.6396484375,8537.830078125,9489.8701171875,9489.8701171875,81175640000,24120.779296875,25758.7890625,22789.619140625,25383.109375,25383.109375,7940630000,1280.5799560546875,1450.3699951171875,1181.0899658203125,1394.0400390625,1394.0400390625,107135190000,5901.2001953125,6234.0,5661.10009765625,6076.60009765625,6076.60009765625,21094713000,19991.970703125,21955.439453125,19448.9296875,21877.890625,21877.890625,1539400000,1686.5999755859375,1770.5,1670.5,1736.9000244140625,1736.9000244140625,168568,99.12999725341797,100.55999755859375,97.94999694824219,98.33999633789062,98.33999633789062,35.279998779296875,40.130001068115234,26.90999984741211,27.959999084472656,27.959999084472656
2020-06-01,11.0,257.004,0.16,0.18,0.73,0.08,2.78,3106.3199999999997,31.775,19935.444,5961000,107.58,137655,38.31,131458880000,9471.419921875,10221.849609375,9403.0,10058.76953125,10058.76953125,112284350000,25342.990234375,27580.2109375,24843.1796875,25812.880859375,25812.880859375,9710480000,1396.2900390625,1537.6199951171875,1343.5999755859375,1441.3699951171875,1441.3699951171875,131458880000,6076.60009765625,6511.7998046875,5952.39990234375,6169.7001953125,6169.7001953125,22104672700,21910.890625,23185.849609375,21529.830078125,22288.140625,22288.140625,1754000000,1740.4000244140625,1793.199951171875,1668.5999755859375,1793.0,1793.0,16436,98.30000305175781,98.31999969482422,95.72000122070312,97.38999938964844,97.38999938964844,30.459999084472656,40.61000061035156,25.260000228881836,30.75,30.75
2020-07-01,10.2,258.408,0.13,0.14,0.62,0.09,2.48,3217.035,26.685,21684.551,5534000,106.68,139240,40.71,96928130000,10063.669921875,10839.9296875,10048.0400390625,10745.26953125,10745.26953125,95054280000,25879.380859375,27071.330078125,25523.509765625,26428.3203125,26428.3203125,8210370000,1443.2900390625,1507.239990234375,1384.0999755859375,1480.4300537109375,1480.4300537109375,96928130000,6169.7001953125,6323.60009765625,5897.7998046875,5897.7998046875,5897.7998046875,16153869800,22338.30078125,22965.560546875,21710.0,21710.0,21710.0,1454700000,1793.5999755859375,1981.0999755859375,1765.800048828125,1962.800048828125,1962.800048828125,246967,97.38999938964844,97.62000274658203,92.55000305175781,93.48999786376953,93.48999786376953,30.81999969482422,41.16999816894531,24.959999084472656,27.93000030517578,27.93000030517578
2020-08-01,8.4,259.366,0.1,0.12,0.65,0.1,2.36,3380.35,22.54,21684.551,4612000,106.01,140774,42.34,82466520000,10848.6396484375,11829.83984375,10762.7099609375,11775.4599609375,11775.4599609375,78996130000,26542.3203125,28733.349609375,26534.380859375,28430.05078125,28430.05078125,7452360000,1485.489990234375,1603.5999755859375,1483.3699951171875,1561.8800048828125,1561.8800048828125,82466520000,5897.7998046875,6297.2001953125,5857.10009765625,5963.60009765625,5963.60009765625,11928004700,21947.580078125,23431.0390625,21919.830078125,23139.759765625,23139.759765625,1357300000,1984.300048828125,2063.0,1871.5999755859375,1967.5999755859375,1967.5999755859375,11710,93.45999908447266,93.98999786376953,91.98999786376953,92.13999938964844,92.13999938964844,27.899999618530273,35.540000915527344,26.540000915527344,34.54999923706055,34.54999923706055
2020-09-01,7.8,259.951,0.11,0.12,0.68,0.09,2.37,3351.6,26.57,21684.551,3407000,105.59,141820,39.63,92310780000,11850.9599609375,12074.0595703125,10519.490234375,11167.509765625,11167.509765625,82496920000,28439.609375,29199.349609375,26537.009765625,27781.69921875,27781.69921875,9973920000,1561.0999755859375,1595.0400390625,1432.5699462890625,1507.68994140625,1507.68994140625,92310780000,5963.60009765625,6123.7001953125,5771.5,5866.10009765625,5866.10009765625,16805999200,23089.630859375,23622.740234375,22878.7109375,23185.119140625,23185.119140625,1362400000,1961.699951171875,1986.300048828125,1851.5,1887.5,1887.5,17781,92.18000030517578,94.73999786376953,91.75,93.88999938964844,93.88999938964844,34.400001525878906,47.630001068115234,32.54999923706055,35.41999816894531,35.41999816894531
2020-10-01,6.8,260.249,0.1,0.11,0.79,0.09,2.4,3431.24,28.009999999999998,22068.767,3977000,105.21,142493,39.4,89938980000,11291.990234375,11965.5400390625,10822.5703125,10911.58984375,10911.58984375,78287400000,27940.630859375,28957.900390625,26143.76953125,26501.599609375,26501.599609375,8439930000,1508.5999755859375,1652.050048828125,1498.1099853515625,1538.47998046875,1538.47998046875,89938980000,5866.10009765625,6040.5,5525.5,5577.2998046875,5577.2998046875,16276769300,23184.9296875,23725.580078125,22948.470703125,22977.130859375,22977.130859375,1148600000,1884.0999755859375,1929.0999755859375,1858.800048828125,1877.4000244140625,1877.4000244140625,9613,93.80000305175781,94.0999984741211,92.47000122070312,94.04000091552734,94.04000091552734,35.400001525878906,43.45000076293945,32.099998474121094,41.29999923706055,41.29999923706055
2020-12-01,6.7,262.005,0.09,0.09,0.93,0.09,2.12,3694.77,22.384999999999998,22068.767,3347000,103.8,142518,47.02,96375680000,12313.3603515625,12973.330078125,12214.740234375,12888.2802734375,12888.2802734375,112635010000,29797.5,30637.470703125,29599.2890625,30606.48046875,30606.48046875,8098310000,1822.9200439453125,2026.239990234375,1817.02001953125,1974.8599853515625,1974.8599853515625,96375680000,6266.2001953125,6676.60009765625,6263.60009765625,6460.5,6460.5,16921847100,26624.19921875,27602.51953125,26327.080078125,27444.169921875,27444.169921875,1340300000,1775.0,1908.0,1774.9000244140625,1893.0999755859375,1893.0999755859375,12142,91.94999694824219,91.94999694824219,89.5199966430664,89.94000244140625,89.94000244140625,26.670000076293945,32.290000915527344,25.459999084472656,26.93000030517578,26.93000030517578
2021-01-01,6.4,262.518,0.08,0.09,1.08,0.09,2.13,3799.61,23.25,22656.793,4139000,103.79,142916,52.0,106117800000,12958.51953125,13728.98046875,12543.240234375,13070.6904296875,13070.6904296875,139796850000,30627.470703125,31272.220703125,29856.30078125,29982.619140625,29982.619140625,8168770000,1975.780029296875,2194.860107421875,1927.1500244140625,2073.639892578125,2073.639892578125,106117800000,6460.5,6903.60009765625,6397.2001953125,6407.5,6407.5,15274136000,27575.5703125,28979.529296875,27002.1796875,27663.390625,27663.390625,1388600000,1912.199951171875,1959.9000244140625,1802.0,1847.300048828125,1847.300048828125,225930,89.93000030517578,90.87999725341797,89.20999908447266,90.58000183105469,90.58000183105469,27.639999389648438,40.529998779296875,25.950000762939453,37.439998626708984,37.439998626708984
2021-02-01,6.2,263.583,0.04,0.06,1.26,0.08,2.21,3906.71,21.99,22656.793,3020000,105.38,143443,59.04,99082320000,13226.1796875,14175.1201171875,13003.98046875,13192.349609375,13192.349609375,142926770000,30054.73046875,32009.640625,30014.970703125,30932.369140625,30932.369140625,6713920000,2075.010009765625,2318.090087890625,2075.010009765625,2201.050048828125,2201.050048828125,99082320000,6407.5,6799.89990234375,6407.5,6483.39990234375,6483.39990234375,16966878000,27649.0703125,30714.51953125,27649.0703125,28966.009765625,28966.009765625,1406000000,1866.5999755859375,1871.9000244140625,1718.800048828125,1728.0999755859375,1728.0999755859375,16813,90.52999877929688,91.5999984741211,89.68000030517578,90.93000030517578,90.93000030517578,33.97999954223633,37.16999816894531,25.34000015258789,34.060001373291016,34.060001373291016
2021-03-01,6.1,264.91,0.03,0.05,1.61,0.07,2.49,3913.1,20.95,22656.793,2677000,108.7,144274,62.33,122371150000,13406.16015625,13620.7099609375,12397.0498046875,13246.8701171875,13246.8701171875,134201470000,31065.900390625,33259.0,30547.529296875,32981.55078125,32981.55078125,9687630000,2203.030029296875,2360.169921875,2085.1201171875,2220.52001953125,2220.52001953125,122371150000,6483.39990234375,6812.7998046875,6483.39990234375,6713.60009765625,6713.60009765625,17975344300,29419.44921875,30485.0,28308.5703125,29178.80078125,29178.80078125,1956500000,1737.0999755859375,1750.300048828125,1673.699951171875,1713.800048828125,1713.800048828125,167914,90.93000030517578,93.44000244140625,90.62999725341797,93.2300033569336,93.2300033569336,33.84000015258789,37.86000061035156,24.700000762939453,24.889999389648438,24.889999389648438
2021-04-01,6.1,266.752,0.02,0.04,1.64,0.07,2.44,4141.59,17.33,23368.861,2356000,109.04,144593,61.72,83124090000,13414.3203125,14211.5703125,13404.1796875,13962.6796875,13962.6796875,91591470000,33054.578125,34256.75,32985.3515625,33874.8515625,33874.8515625,6810740000,2225.2900390625,2322.909912109375,2171.679931640625,2266.449951171875,2266.449951171875,83124090000,6713.60009765625,7040.2998046875,6713.60009765625,6969.7998046875,6969.7998046875,13581435700,29441.91015625,30208.890625,28419.83984375,28812.630859375,28812.630859375,1231300000,1706.800048828125,1794.5,1706.4000244140625,1767.300048828125,1767.300048828125,11366,93.22000122070312,93.33999633789062,90.41999816894531,91.27999877929688,91.27999877929688,24.850000381469727,25.399999618530273,20.209999084472656,22.899999618530273,22.899999618530273
2021-05-01,5.8,268.452,0.02,0.04,1.62,0.06,2.4,4170.72,19.314999999999998,23368.861,2346000,109.11,145044,65.17,88321860000,14031.76953125,14042.1201171875,13002.5400390625,13748.740234375,13748.740234375,89415440000,33904.890625,35091.55859375,33473.80078125,34529.44921875,34529.44921875,6543360000,2268.6201171875,2288.570068359375,2132.25,2268.969970703125,2268.969970703125,88321860000,6969.7998046875,7164.2001953125,6823.60009765625,7022.60009765625,7022.60009765625,14313218800,29024.009765625,29685.41015625,27385.029296875,28860.080078125,28860.080078125,1313600000,1788.5,1905.4000244140625,1774.800048828125,1902.5,1902.5,210133,91.30000305175781,91.44000244140625,89.54000091552734,89.83999633789062,89.83999633789062,22.889999389648438,32.720001220703125,20.860000610351562,21.440000534057617,21.440000534057617
2021-06-01,5.9,270.664,0.04,0.05,1.52,0.08,2.32,4234.535,16.54,23368.861,1642000,110.11,145822,71.38,102544180000,13829.0595703125,14535.9697265625,13548.9296875,14503.9501953125,14503.9501953125,108377000000,34584.19140625,34849.3203125,33271.9296875,34502.51171875,34502.51171875,6739760000,2270.3798828125,2350.699951171875,2229.580078125,2310.550048828125,2310.550048828125,102544180000,7022.60009765625,7217.5,6948.60009765625,7037.5,7037.5,14962106000,28998.650390625,29480.849609375,27795.859375,28791.529296875,28791.529296875,1258700000,1905.0999755859375,1916.199951171875,1752.0999755859375,1770.800048828125,1770.800048828125,8466,89.80999755859375,92.44999694824219,89.66000366210938,92.44000244140625,92.44000244140625,22.3700008392334,23.729999542236328,19.0,20.139999389648438,20.139999389648438
2021-07-01,5.4,271.994,0.05,0.05,1.32,0.1,2.21,4367.48,17.58,23921.991,1859000,110.21,146761,72.49,84255620000,14493.6904296875,14863.650390625,14178.66015625,14672.6796875,14672.6796875,88708530000,34507.3203125,35171.51953125,33741.76171875,34935.46875,34935.46875,6646570000,2312.570068359375,2332.949951171875,2107.070068359375,2226.25,2226.25,84255620000,7037.5,7170.60009765625,6813.0,7032.2998046875,7032.2998046875,13589817000,28832.41015625,28852.310546875,27272.490234375,27283.58984375,27283.58984375,1108100000,1775.699951171875,1833.0,1768.800048828125,1812.5999755859375,1812.5999755859375,245814,92.3499984741211,93.19000244140625,91.77999877929688,92.16999816894531,92.16999816894531,20.1200008392334,25.100000381469727,18.729999542236328,20.809999465942383,20.809999465942383
2021-09-01,4.7,273.887,0.04,0.05,1.37,0.08,2.25,4455.48,18.8,23921.991,1418000,110.16,147706,71.65,85528860000,15308.98046875,15403.4404296875,14444.2998046875,14448.580078125,14448.580078125,95275100000,35387.55078125,35475.3984375,33613.03125,33843.921875,33843.921875,6603470000,2274.2099609375,2309.969970703125,2155.340087890625,2204.3701171875,2204.3701171875,85528860000,7119.7001953125,7195.60009765625,6828.2998046875,7086.39990234375,7086.39990234375,15689089900,28179.0390625,30795.779296875,28179.0390625,29452.66015625,29452.66015625,1561500000,1813.5,1833.9000244140625,1721.4000244140625,1755.300048828125,1755.300048828125,28543,92.66000366210938,94.5,91.94999694824219,94.25,94.25,19.479999542236328,30.239999771118164,19.100000381469727,26.649999618530273,26.649999618530273
2021-10-01,4.5,276.434,0.05,0.06,1.58,0.08,2.44,4471.37,16.86,24777.038,1426000,113.12,148566,81.48,80253600000,14494.9296875,15504.1201171875,14181.6904296875,15498.3896484375,15498.3896484375,99492020000,33930.69921875,35892.921875,33785.5390625,35819.55859375,35819.55859375,6709650000,2205.909912109375,2321.469970703125,2188.68994140625,2297.18994140625,2297.18994140625,80253600000,7086.39990234375,7281.2001953125,6945.5,7237.60009765625,7237.60009765625,15426029100,29235.109375,29489.109375,27293.619140625,28892.689453125,28892.689453125,1601900000,1754.300048828125,1809.0,1744.699951171875,1783.0,1783.0,8208,94.30999755859375,94.55999755859375,93.27999877929688,94.12000274658203,94.12000274658203,26.559999465942383,28.829999923706055,18.010000228881836,19.639999389648438,19.639999389648438
2021-11-01,4.1,278.799,0.05,0.07,1.56,0.08,2.51,4682.85,17.59,24777.038,944000,113.97,149197,79.15,88268840000,15541.259765625,16212.23046875,15451.3896484375,15537.6904296875,15537.6904296875,109314860000,35833.6484375,36565.73046875,34424.44140625,34483.71875,34483.71875,7201370000,2298.080078125,2458.860107421875,2175.679931640625,2198.909912109375,2198.909912109375,88268840000,7237.60009765625,7402.7001953125,6989.7001953125,7059.5,7059.5,18456189400,29330.6796875,29960.9296875,27819.140625,27821.759765625,27821.759765625,1433700000,1787.5,1869.699951171875,1761.800048828125,1773.5999755859375,1773.5999755859375,221936,94.12999725341797,96.94000244140625,93.81999969482422,95.98999786376953,95.98999786376953,20.459999084472656,29.469999313354492,19.0,27.389999389648438,27.389999389648438
2021-12-01,3.9,280.808,0.06,0.15,1.47,0.08,2.58,4677.860000000001,20.439999999999998,24777.038,844000,113.83,149763,71.71,92750180000,15752.26953125,15901.4697265625,14860.0400390625,15644.9697265625,15644.9697265625,104264460000,34678.94140625,36679.44140625,34006.98046875,36338.30078125,36338.30078125,8304570000,2203.1201171875,2276.75,2107.679931640625,2245.31005859375,2245.31005859375,92750180000,7059.5,7457.10009765625,7059.39990234375,7384.5,7384.5,14564393900,27866.73046875,29121.009765625,27588.609375,28791.7109375,28791.7109375,1284100000,1774.800048828125,1827.800048828125,1753.9000244140625,1827.5,1827.5,10803,95.94000244140625,96.91000366210938,95.56999969482422,95.66999816894531,95.66999816894531,27.40999984741211,36.63999938964844,20.920000076293945,21.200000762939453,21.200000762939453
2022-01-01,4.0,282.39,0.15,0.33,1.76,0.08,2.87,4618.07,21.549999999999997,25215.491,1183000,114.83,150014,83.22,95562890000,15732.5,15852.1396484375,13094.650390625,14239.8798828125,14239.8798828125,100106820000,36321.58984375,36952.6484375,33150.328125,35131.859375,35131.859375,8811950000,2246.7099609375,2288.300048828125,1901.3599853515625,2028.449951171875,2028.449951171875,95562890000,7384.5,7619.0,7283.39990234375,7464.39990234375,7464.39990234375,17923915900,29098.41015625,29388.16015625,26044.51953125,27001.98046875,27001.98046875,1387900000,1830.0999755859375,1852.699951171875,1778.800048828125,1795.0,1795.0,232014,95.66999816894531,97.44000244140625,94.62999725341797,96.54000091552734,96.54000091552734,21.200000762939453,44.04999923706055,20.959999084472656,30.15999984741211,30.15999984741211
2022-02-01,3.8,284.535,0.33,0.64,1.93,0.08,3.3,4471.07,25.7,25215.491,871000,115.28,150876,91.64,92667710000,14277.4296875,14509.5595703125,12587.8798828125,13751.400390625,13751.400390625,89543300000,35151.46875,35824.28125,32272.640625,33892.6015625,33892.6015625,7256540000,2028.780029296875,2105.2099609375,1894.449951171875,2048.090087890625,2048.090087890625,92667710000,7464.39990234375,7687.2998046875,7204.7001953125,7458.2998046875,7458.2998046875,19718352900,27167.140625,27880.69921875,25775.640625,26526.8203125,26526.8203125,1390900000,1797.199951171875,1972.5,1787.9000244140625,1899.4000244140625,1899.4000244140625,9510,96.69999694824219,97.73999786376953,95.13999938964844,96.70999908447266,96.70999908447266,30.15999984741211,39.9900016784668,26.6200008392334,32.720001220703125,32.720001220703125
2022-03-01,3.6,287.553,0.44,0.83,2.13,0.2,3.84,4386.54,26.67,25215.491,853000,118.58,151370,108.5,123546260000,13716.7001953125,14646.900390625,12555.349609375,14220.51953125,14220.51953125,131081330000,33813.48046875,35372.26171875,32578.73046875,34678.3515625,34678.3515625,9154390000,2047.239990234375,2138.449951171875,1932.7099609375,2070.1298828125,2070.1298828125,123546260000,7458.2998046875,7595.39990234375,6788.0,7515.7001953125,7515.7001953125,27754790700,26836.740234375,28338.810546875,24681.740234375,27821.4296875,27821.4296875,1882500000,1908.300048828125,2072.0,1893.5,1949.199951171875,1949.199951171875,157864,96.7699966430664,99.41999816894531,96.62999725341797,98.30999755859375,98.30999755859375,32.720001220703125,39.619998931884766,25.520000457763672,26.989999771118164,26.989999771118164
2022-04-01,3.7,288.764,0.76,1.23,2.75,0.33,4.3,4404.99,22.425,25805.791,1066000,126.37,151642,101.78,90367840000,14269.5302734375,14534.3798828125,12315.740234375,12334.6396484375,12334.6396484375,96581010000,34740.890625,35492.21875,32913.1484375,32977.2109375,32977.2109375,7146800000,2071.219970703125,2103.360107421875,1860.5799560546875,1864.0999755859375,1864.0999755859375,90367840000,7515.7001953125,7669.60009765625,7339.5,7544.60009765625,7544.60009765625,17374689400,27624.109375,27965.939453125,26051.0390625,26847.900390625,26847.900390625,1345900000,1935.0,1997.0999755859375,1872.9000244140625,1909.300048828125,1909.300048828125,7725,98.33999633789062,103.93000030517578,98.30999755859375,102.95999908447266,102.95999908447266,26.959999084472656,40.0,24.829999923706055,38.25,38.25
2022-06-01,3.6,294.996,1.49,2.11,3.14,1.21,5.01,3821.55,28.259999999999998,25805.791,858000,133.96,152348,114.84,106116710000,12176.8896484375,12320.1201171875,10565.1396484375,11028.740234375,11028.740234375,113875890000,33156.30859375,33272.33984375,29653.2890625,30775.4296875,30775.4296875,7655170000,1871.4599609375,1919.72998046875,1641.469970703125,1707.989990234375,1707.989990234375,106116710000,7607.7001953125,7646.7001953125,6998.2001953125,7169.2998046875,7169.2998046875,17794709200,27295.630859375,28389.75,25520.23046875,26393.0390625,26393.0390625,1637700000,1831.0,1875.5999755859375,1801.0,1804.0999755859375,1804.0999755859375,7851,101.76000213623047,105.79000091552734,101.63999938964844,104.69000244140625,104.69000244140625,33.0099983215332,41.119998931884766,19.809999465942383,36.209999084472656,36.209999084472656
2022-07-01,3.5,294.977,2.23,2.76,2.9,1.68,5.0,3901.0,24.69,26272.011,1097000,136.71,153038,101.62,81688320000,11006.830078125,12426.259765625,10911.4501953125,12390.6904296875,12390.6904296875,94293720000,30737.76953125,32910.1796875,30143.9296875,32845.12890625,32845.12890625,6354530000,1705.0699462890625,1888.219970703125,1681.5799560546875,1885.22998046875,1885.22998046875,81688320000,7169.2998046875,7441.2001953125,7007.10009765625,7423.39990234375,7423.39990234375,16880458400,26460.7109375,28015.6796875,25841.75,27801.640625,27801.640625,1339300000,1795.5,1806.0999755859375,1679.800048828125,1762.9000244140625,1762.9000244140625,194989,104.77999877929688,109.29000091552734,104.73999786376953,105.9000015258789,105.9000015258789,36.06999969482422,37.88999938964844,26.040000915527344,27.25,27.25
2022-08-01,3.6,295.209,2.63,3.05,2.9,2.33,4.92,4145.19,21.77,26272.011,867000,135.28,153281,93.67,92252350000,12317.9599609375,13181.08984375,11790.01953125,11816.2001953125,11816.2001953125,110367680000,32755.7109375,34281.359375,31509.58984375,31510.4296875,31510.4296875,6960090000,1870.489990234375,2030.050048828125,1843.0799560546875,1844.1199951171875,1844.1199951171875,92252350000,7446.0,7578.89990234375,7263.60009765625,7284.2001953125,7284.2001953125,14748978900,27813.8203125,29222.76953125,27530.599609375,28091.529296875,28091.529296875,1397800000,1763.9000244140625,1804.9000244140625,1708.5,1712.800048828125,1712.800048828125,11161,105.83000183105469,109.4800033569336,104.63999938964844,108.69999694824219,108.69999694824219,28.549999237060547,33.560001373291016,24.8799991607666,32.189998626708984,32.189998626708984
2022-09-01,3.5,296.341,3.13,3.63,3.52,2.56,5.59,3899.89,26.605,26272.011,791000,143.28,153536,84.26,94241020000,11707.4404296875,12270.1904296875,10572.330078125,10575.6201171875,10575.6201171875,98888530000,31454.580078125,32504.0390625,28715.849609375,28725.509765625,28725.509765625,7785160000,1826.75,1906.0899658203125,1650.7099609375,1664.719970703125,1664.719970703125,94241020000,7284.2001953125,7514.0,6829.2998046875,6893.7998046875,6893.7998046875,21881336000,27797.0,28659.759765625,25805.58984375,25937.2109375,25937.2109375,1377200000,1707.9000244140625,1728.0999755859375,1620.4000244140625,1662.4000244140625,1662.4000244140625,41586,108.83999633789062,114.77999877929688,107.68000030517578,112.12000274658203,112.12000274658203,32.91999816894531,38.61000061035156,15.699999809265137,36.61000061035156,36.61000061035156
2022-10-01,3.6,297.863,3.72,4.18,3.98,3.08,6.25,3719.98,30.1,26734.277,1014000,147.05,153897,87.55,95823760000,10659.009765625,11230.4404296875,10088.830078125,10988.150390625,10988.150390625,98292380000,28855.25,32889.80859375,28660.939453125,32732.94921875,32732.94921875,7758140000,1687.280029296875,1854.5699462890625,1641.93994140625,1846.8599853515625,1846.8599853515625,95823760000,6893.7998046875,7132.89990234375,6707.60009765625,7094.5,7094.5,18562316200,25778.94921875,27602.990234375,25621.9609375,27587.4609375,27587.4609375,1435500000,1667.199951171875,1728.0,1622.800048828125,1635.9000244140625,1635.9000244140625,8817,112.16999816894531,113.94000244140625,109.54000091552734,111.52999877929688,111.52999877929688,37.04999923706055,40.20000076293945,16.049999237060547,31.15999984741211,31.15999984741211
2022-11-01,3.6,298.648,4.15,4.48,3.89,3.78,6.01,3957.25,23.630000000000003,26734.277,840000,142.45,154155,84.37,92671910000,11154.740234375,11492.6201171875,10262.9296875,11468.0,11468.0,101572370000,32862.7890625,34589.76953125,31727.05078125,34589.76953125,34589.76953125,7214910000,1864.949951171875,1905.8399658203125,1757.449951171875,1886.5799560546875,1886.5799560546875,92671910000,7094.5,7599.2998046875,7076.5,7573.10009765625,7573.10009765625,17021630000,27614.640625,28502.2890625,27032.01953125,27968.990234375,27968.990234375,1555800000,1630.800048828125,1778.9000244140625,1615.0999755859375,1746.0,1746.0,161813,111.5199966430664,113.1500015258789,105.31999969482422,105.94999694824219,105.94999694824219,31.6299991607666,33.189998626708984,9.9399995803833,26.459999084472656,26.459999084472656
2022-12-01,3.5,298.812,4.25,4.55,3.62,4.1,5.61,3895.75,21.97,26734.277,1042000,134.91,154291,76.44,85249330000,11475.169921875,11571.6396484375,10207.4697265625,10466.48046875,10466.48046875,100007430000,34533.58984375,34712.28125,32573.4296875,33147.25,33147.25,6980640000,1891.97998046875,1898.449951171875,1722.02001953125,1761.25,1761.25,85249330000,7573.10009765625,7599.7001953125,7302.7998046875,7451.7001953125,7451.7001953125,12559415600,28273.130859375,28423.4609375,25953.919921875,26094.5,26094.5,1484200000,1768.699951171875,1826.300048828125,1764.300048828125,1819.699951171875,1819.699951171875,9347,105.69999694824219,105.9000015258789,103.38999938964844,103.5199966430664,103.5199966430664,26.81999969482422,30.219999313354492,11.920000076293945,27.600000381469727,27.600000381469727
2023-02-01,3.6,301.509,4.65,4.81,3.75,4.57,5.59,4090.46,20.255000000000003,27164.359,854000,133.05,155060,76.83,80392280000,11573.1396484375,12269.5498046875,11334.4697265625,11455.5400390625,11455.5400390625,99644100000,34039.6015625,34334.69921875,32636.4296875,32656.69921875,32656.69921875,6105230000,1929.469970703125,2007.31005859375,1875.81005859375,1896.989990234375,1896.989990234375,80392280000,7771.7001953125,8047.10009765625,7745.39990234375,7876.2998046875,7876.2998046875,16667898300,27483.41015625,27821.220703125,27046.080078125,27445.560546875,27445.560546875,1369700000,1927.199951171875,1959.0999755859375,1808.0999755859375,1828.9000244140625,1828.9000244140625,10398,102.0999984741211,105.36000061035156,100.81999969482422,104.87000274658203,104.87000274658203,26.110000610351562,29.209999084472656,19.739999771118164,26.399999618530273,26.399999618530273
2023-03-01,3.5,301.744,4.69,4.77,3.66,4.65,5.73,3970.99,21.38,27164.359,908000,133.66,155206,73.28,113094800000,11447.580078125,12227.9296875,10982.7998046875,12221.91015625,12221.91015625,120323510000,32656.369140625,33572.21875,31429.8203125,33274.1484375,33274.1484375,8080340000,1896.1400146484375,1931.719970703125,1695.22998046875,1802.47998046875,1802.47998046875,113094800000,7876.2998046875,7974.39990234375,7206.7998046875,7631.7001953125,7631.7001953125,22521536600,27363.5703125,28734.7890625,26632.919921875,28041.48046875,28041.48046875,1782200000,1827.0999755859375,2003.9000244140625,1811.5,1969.0,1969.0,104261,105.04000091552734,105.87999725341797,101.91999816894531,102.51000213623047,102.51000213623047,26.440000534057617,32.599998474121094,16.850000381469727,23.600000381469727,23.600000381469727
2023-04-01,3.4,303.032,4.92,4.79,3.46,4.83,5.46,4129.79,17.8,27453.815,1083000,133.47,155484,79.45,70861260000,12146.08984375,12245.4296875,11798.76953125,12226.580078125,12226.580078125,90509520000,33245.78125,34104.55859375,33235.8515625,34098.16015625,34098.16015625,5336390000,1804.02001953125,1812.3699951171875,1725.8199462890625,1768.989990234375,1768.989990234375,70861260000,7631.7001953125,7936.10009765625,7631.7001953125,7870.60009765625,7870.60009765625,13499372100,28203.349609375,28879.240234375,27427.66015625,28856.439453125,28856.439453125,1305200000,1968.0999755859375,2048.60009765625,1950.0,1990.0999755859375,1990.0999755859375,7282,102.58999633789062,103.05999755859375,100.79000091552734,101.66999816894531,101.66999816894531,24.959999084472656,25.700000762939453,19.489999771118164,20.1200008392334,20.1200008392334
2023-05-01,3.7,303.365,5.14,5.03,3.57,5.06,5.65,4137.88,17.46,27453.815,908000,137.05,155787,71.58,88929200000,12210.0498046875,13154.2900390625,11925.3701171875,12935.2900390625,12935.2900390625,101290320000,34116.80859375,34257.828125,32586.560546875,32908.26953125,32908.26953125,6622820000,1765.449951171875,1816.4000244140625,1704.8199462890625,1749.6500244140625,1749.6500244140625,88929230000,7870.60009765625,7898.7001953125,7446.10009765625,7446.10009765625,7446.10009765625,18165990600,29058.05078125,31560.4296875,28931.810546875,30887.880859375,30887.880859375,1779800000,1980.0999755859375,2072.0,1931.0,1963.9000244140625,1963.9000244140625,215367,101.66999816894531,104.69999694824219,101.02999877929688,104.31999969482422,104.31999969482422,20.770000457763672,24.1200008392334,12.1899995803833,22.1200008392334,22.1200008392334
2023-06-01,3.6,304.003,5.16,5.19,3.75,5.08,5.8,4365.69,13.88,27453.815,1014000,141.36,156027,70.25,87983140000,12944.4599609375,13864.0595703125,12903.6298828125,13787.919921875,13787.919921875,107650300000,32929.8515625,34588.6796875,32704.509765625,34407.6015625,34407.6015625,6973110000,1750.8599853515625,1906.8299560546875,1744.3699951171875,1888.72998046875,1888.72998046875,87983140000,7446.10009765625,7687.60009765625,7401.2001953125,7531.5,7531.5,16089608200,30886.009765625,33772.890625,30853.439453125,33189.0390625,33189.0390625,2093700000,1963.199951171875,1983.0,1892.5,1921.0999755859375,1921.0999755859375,6383,104.1500015258789,104.5,101.91999816894531,102.91000366210938,102.91000366210938,21.65999984741211,21.799999237060547,13.670000076293945,19.549999237060547,19.549999237060547
2023-07-01,3.5,304.628,5.25,5.27,3.9,5.12,5.81,4528.83,13.7,27967.697,1182000,140.94,156211,76.07,75063200000,13798.7001953125,14446.5498046875,13567.25,14346.01953125,14346.01953125,96983440000,34369.78125,35645.3515625,33705.6796875,35559.53125,35559.53125,6364870000,1887.030029296875,2003.6199951171875,1823.9100341796875,2003.1800537109375,2003.1800537109375,71250730000,7531.5,7722.89990234375,7229.60009765625,7699.39990234375,7699.39990234375,13603497200,33517.6015625,33762.80859375,31791.7109375,33172.21875,33172.21875,1923900000,1917.9000244140625,1978.4000244140625,1903.199951171875,1970.5,1970.5,220474,102.91999816894531,103.56999969482422,99.58000183105469,101.86000061035156,101.86000061035156,20.170000076293945,21.860000610351562,14.859999656677246,19.31999969482422,19.31999969482422
2023-08-01,3.8,306.187,5.3,5.28,4.17,5.33,5.99,4467.71,15.96,27967.697,981000,144.78,156421,81.39,86840820000,14274.9296875,14309.2099609375,13161.759765625,14034.9697265625,14034.9697265625,110754840000,35585.98828125,35679.12890625,34029.21875,34721.91015625,34721.91015625,7048360000,1996.8900146484375,1996.8900146484375,1830.8399658203125,1899.6800537109375,1899.6800537109375,86840820000,7699.39990234375,7715.2001953125,7215.7998046875,7439.10009765625,7439.10009765625,15665960700,33292.30859375,33488.76953125,31275.25,32619.33984375,32619.33984375,1973300000,1964.9000244140625,1965.4000244140625,1884.0,1938.199951171875,1938.199951171875,9086,101.87000274658203,104.44999694824219,101.73999786376953,103.62000274658203,103.62000274658203,19.799999237060547,23.540000915527344,15.699999809265137,18.739999771118164,18.739999771118164
2023-09-01,3.8,307.288,5.32,5.31,4.38,5.33,6.15,4450.73,14.23,27967.697,1094000,147.85,156667,89.43,73482980000,14129.9599609375,14149.6201171875,12963.16015625,13219.3203125,13219.3203125,94727650000,34876.23828125,34979.1796875,33306.30078125,33507.5,33507.5,6186180000,1908.1700439453125,1926.81005859375,1761.6099853515625,1785.0999755859375,1785.0999755859375,73482980000,7439.10009765625,7746.5,7369.60009765625,7608.10009765625,7608.10009765625,14522839000,32521.150390625,33634.30859375,31674.419921875,31857.619140625,31857.619140625,2103300000,1950.0,1950.0,1846.0,1848.0999755859375,1848.0999755859375,19996,103.62000274658203,106.83999633789062,103.2699966430664,106.16999816894531,106.16999816894531,18.530000686645508,23.540000915527344,17.010000228881836,21.280000686645508,21.280000686645508
2023-11-01,3.7,308.024,5.27,5.24,4.5,5.33,6.19,4502.88,14.165,28296.967,870000,149.68,157014,77.69,80970570000,12887.0595703125,14423.2197265625,12875.2001953125,14226.2197265625,14226.2197265625,95884580000,33081.87109375,35970.69921875,33010.8515625,35950.890625,35950.890625,6275680000,1661.4100341796875,1830.0,1649.06005859375,1809.02001953125,1809.02001953125,80970570000,7321.7001953125,7533.7998046875,7304.89990234375,7453.7998046875,7453.7998046875,15440590100,31311.220703125,33853.4609375,31301.509765625,33486.890625,33486.890625,2121500000,1990.5,2052.10009765625,1932.5999755859375,2038.0999755859375,2038.0999755859375,199965,106.66999816894531,107.11000061035156,102.47000122070312,103.5,103.5,22.239999771118164,22.299999237060547,15.579999923706055,16.719999313354492,16.719999313354492
2023-12-01,3.7,308.742,5.24,5.12,4.02,5.33,5.55,4713.139999999999,12.595,28296.967,1039000,143.98,157304,71.9,81530670000,14181.349609375,15150.0703125,14058.51953125,15011.349609375,15011.349609375,120361680000,35914.44921875,37778.8515625,35914.44921875,37689.5390625,37689.5390625,6326740000,1806.1300048828125,2071.780029296875,1800.81005859375,2027.0699462890625,2027.0699462890625,81530670000,7453.7998046875,7762.89990234375,7453.7998046875,7733.2001953125,7733.2001953125,15682233700,33537.44140625,33824.05859375,32205.380859375,33464.171875,33464.171875,2079300000,2038.300048828125,2130.199951171875,1975.0,2062.39990234375,2062.39990234375,8723,103.36000061035156,104.26000213623047,100.62000274658203,101.33000183105469,101.33000183105469,16.93000030517578,17.8700008392334,13.5600004196167,16.200000762939453,16.200000762939453
2024-01-01,3.7,309.685,5.22,5.02,4.06,5.33,5.46,4783.45,13.280000000000001,28624.069,838000,146.29,157560,74.15,81737880000,14873.7001953125,15630.580078125,14477.5703125,15164.009765625,15164.009765625,111351260000,37566.21875,38588.859375,37122.94921875,38150.30078125,38150.30078125,7141910000,2012.75,2032.489990234375,1898.239990234375,1947.3399658203125,1947.3399658203125,81737880000,7733.2001953125,7764.39990234375,7404.10009765625,7630.60009765625,7630.60009765625,19386620600,33193.05078125,36984.51171875,32693.1796875,36286.7109375,36286.7109375,2081800000,2063.5,2073.699951171875,2002.5999755859375,2048.39990234375,2048.39990234375,184500,101.41999816894531,103.81999969482422,101.33999633789062,103.2699966430664,103.2699966430664,17.6200008392334,19.40999984741211,11.34000015258789,18.25,18.25
2024-02-01,3.9,311.054,5.24,5.09,4.21,5.33,5.6,5003.094999999999,13.85,28624.069,837000,149.62,157796,77.25,82066930000,15254.01953125,16134.2197265625,15208.8798828125,16091.919921875,16091.919921875,106763830000,38175.33984375,39282.28125,38039.859375,38996.390625,38996.390625,6258860000,1959.5799560546875,2072.969970703125,1921.3599853515625,2054.840087890625,2054.840087890625,82066930000,7630.60009765625,7748.7001953125,7493.0,7630.0,7630.0,23461838100,36008.55859375,39426.2890625,35854.62890625,39166.19140625,39166.19140625,2433700000,2040.199951171875,2064.5,1984.800048828125,2045.699951171875,2045.699951171875,10472,103.51000213623047,104.9800033569336,102.9000015258789,104.16000366210938,104.16000366210938,18.190000534057617,20.59000015258789,11.199999809265137,17.209999084472656,17.209999084472656
2024-03-01,3.8,312.23,5.24,5.11,4.21,5.33,5.58,5161.335,13.785,28624.069,1068000,149.82,158106,81.28,86299510000,16109.830078125,16538.859375,15862.6298828125,16379.4599609375,16379.4599609375,106387420000,38989.51171875,39889.05078125,38457.828125,39807.37109375,39807.37109375,7300670000,2058.47998046875,2135.4599609375,2009.81005859375,2124.550048828125,2124.550048828125,86299510000,7630.0,7975.39990234375,7598.5,7952.60009765625,7952.60009765625,24521204100,39254.69140625,41087.75,38271.37890625,40369.44140625,40369.44140625,2518700000,2043.0999755859375,2234.10009765625,2041.800048828125,2217.39990234375,2217.39990234375,241903,104.12999725341797,104.7300033569336,102.36000061035156,104.55000305175781,104.55000305175781,17.209999084472656,20.309999465942383,7.119999885559082,16.65999984741211,16.65999984741211
2024-04-01,3.9,313.207,5.24,5.15,4.54,5.33,5.84,5108.0650000000005,15.745000000000001,29016.714,841000,153.89,158214,85.35,81747170000,16397.05078125,16490.650390625,15222.7802734375,15657.8203125,15657.8203125,107535290000,39807.9296875,39815.0,37611.55859375,37815.921875,37815.921875,7743400000,2125.909912109375,2126.06005859375,1931.5400390625,1973.9100341796875,1973.9100341796875,81747170000,7952.60009765625,8200.0,7793.89990234375,8144.10009765625,8144.10009765625,21908724500,40646.69921875,40697.21875,36733.05859375,38405.66015625,38405.66015625,2522300000,2235.699951171875,2429.0,2230.0,2291.39990234375,2291.39990234375,8117,104.48999786376953,106.5199966430664,103.87999725341797,106.22000122070312,106.22000122070312,17.59000015258789,23.34000015258789,16.34000015258789,18.43000030517578,18.43000030517578
2024-05-01,4.0,313.225,5.25,5.17,4.48,5.33,5.75,5256.8150000000005,12.92,29016.714,892000,155.87,158430,80.02,86849720000,15646.08984375,17032.66015625,15557.6396484375,16735.01953125,16735.01953125,140039820000,37845.55859375,40077.3984375,37780.5390625,38686.3203125,38686.3203125,7502120000,1973.3699951171875,2112.320068359375,1968.030029296875,2070.1298828125,2070.1298828125,86849720000,8144.10009765625,8474.400390625,8111.39990234375,8275.400390625,8275.400390625,22052384800,38107.37890625,39437.16015625,37617.0,38487.8984375,38487.8984375,2632400000,2287.699951171875,2435.800048828125,2277.60009765625,2322.89990234375,2322.89990234375,154217,106.31999969482422,106.48999786376953,104.08000183105469,104.66999816894531,104.66999816894531,20.149999618530273,20.229999542236328,14.670000076293945,16.700000762939453,16.700000762939453
2024-06-01,4.1,313.049,5.24,5.15,4.31,5.33,5.63,5433.74,12.645,29016.714,1184000,157.86,158548,79.77,76025620000,16865.69921875,18035.0,16646.4296875,17732.599609375,17732.599609375,107772060000,38709.98828125,39571.23046875,38247.21875,39118.859375,39118.859375,7213580000,2082.39990234375,2088.530029296875,1993.22998046875,2047.68994140625,2047.68994140625,76025620000,8275.400390625,8371.7001953125,8112.89990234375,8164.10009765625,8164.10009765625,18910547600,38734.94921875,39788.62890625,37950.19921875,39583.078125,39583.078125,2209000000,2322.60009765625,2385.10009765625,2285.39990234375,2327.699951171875,2327.699951171875,7958,104.62999725341797,106.12999725341797,103.98999786376953,105.87000274658203,105.87000274658203,16.829999923706055,17.979999542236328,6.480000019073486,16.239999771118164,16.239999771118164
2024-07-01,4.3,313.534,5.2,5.01,4.25,5.33,5.53,5550.165,13.19,29016.714,953000,157.52,158637,81.8,80160390000,17773.900390625,18671.0703125,17015.380859375,17599.400390625,17599.400390625,119005630000,39186.19921875,41376.0,39037.94140625,40842.7890625,40842.7890625,7507140000,2050.60009765625,2300.0,2019.06005859375,2254.47998046875,2254.47998046875,80160390000,8164.10009765625,8399.900390625,8056.0,8368.0,8368.0,16067728100,39839.8203125,42426.76953125,37611.19140625,39101.8203125,39101.8203125,2570500000,2323.800048828125,2473.10009765625,2321.699951171875,2426.5,2426.5,155434,105.8499984741211,106.05000305175781,103.6500015258789,104.0999984741211,104.0999984741211,16.959999084472656,24.709999084472656,15.880000114440918,22.290000915527344,22.290000915527344
2024-08-01,4.2,314.121,5.05,4.74,3.87,5.33,5.2,5548.735000000001,16.689999999999998,29016.714,1155000,146.26,158779,76.68,81097300000,17647.029296875,18017.689453125,15708.5400390625,17713.619140625,17713.619140625,121239310000,40916.9609375,41585.2109375,38499.26953125,41563.078125,41563.078125,8368220000,2253.5,2262.72998046875,1993.27001953125,2217.6298828125,2217.6298828125,81097300000,8368.0,8414.400390625,7915.89990234375,8376.599609375,8376.599609375,18173603500,38781.55859375,38781.55859375,31156.119140625,38647.75,38647.75,3034000000,2446.699951171875,2527.300048828125,2367.39990234375,2493.800048828125,2493.800048828125,12103,104.06999969482422,104.44999694824219,100.51000213623047,101.69999694824219,101.69999694824219,22.290000915527344,40.119998931884766,19.239999771118164,19.290000915527344,19.290000915527344
