Date,SP500 ^GSPC,SP500 ^GSPC,NASDAQ ^IXIC,NASDAQ ^IXIC,DJI ^DJI,DJI ^DJI,RUSSELL2000 ^RUT,RUSSELL2000 ^RUT,FTSE ^FTSE,FTSE ^FTSE,NIKKEI ^N225,NIKKEI ^N225,GOLD GC=F,USD INDEX DX-Y.NYB,VIX
2004-12-01,1211.9200439453125,31102500000,2175.43994140625,44379920000,10783.009765625,5744730000,651.5700073242188,31102700000,4814.2998046875,28451048500,11488.759765625,1437800000,12728,80.8499984741211,12.55
2005-01-01,1181.27001953125,31498800000,2062.409912109375,43135970000,10489.9404296875,5424930000,624.02001953125,31498000000,4852.2998046875,31489218700,11387.58984375,1616200000,115342,83.5999984741211,13.34
2005-02-01,1203.5999755859375,29297410000,2051.719970703125,36633150000,10766.23046875,5038600000,634.0599975585938,29297410000,4968.5,33004713300,11740.599609375,1665700000,8468,82.51000213623047,11.6
2005-03-01,1180.5899658203125,39014150000,1999.22998046875,39780380000,10503.759765625,5820160000,615.0700073242188,39014150000,4894.39990234375,34739240300,11668.9501953125,2032200000,3171,84.05999755859375,13.145
2005-04-01,1156.8499755859375,43424270000,1921.6500244140625,37517930000,10192.509765625,5852240000,579.3800048828125,43424270000,4801.7001953125,32554037300,11008.900390625,1675000000,2579,84.43000030517578,14.53
2005-06-01,1191.3299560546875,40334040000,2056.9599609375,36702320000,10274.9697265625,5026730000,639.6599731445312,40334040000,5113.2001953125,33009384900,11584.009765625,1617600000,6950,89.11000061035156,11.9
2005-07-01,1234.1800537109375,37464670000,2184.830078125,32702310000,10640.91015625,4821200000,679.75,37464670000,5282.2998046875,35914811800,11899.599609375,1432300000,44574,89.3499984741211,10.96
2005-08-01,1220.3299560546875,42030090000,2152.090087890625,34238710000,10481.599609375,5082400000,666.510009765625,42030090000,5296.89990234375,28548031300,12413.599609375,2344500000,3085,87.58000183105469,13.21
2005-09-01,1228.81005859375,44777510000,2151.68994140625,34790080000,10568.7001953125,5229310000,667.7999877929688,44777510000,5477.7001953125,32549434600,13574.2998046875,3272000000,11805,89.5199966430664,12.64
2005-10-01,1207.010009765625,49793790000,2120.300048828125,36500900000,10440.0703125,5829060000,646.6099853515625,49793790000,5317.2998046875,34392061700,13606.5,3283900000,2106,90.06999969482422,14.87
2005-11-01,1249.47998046875,45102870000,2232.820068359375,35854200000,10805.8701171875,5385780000,677.2899780273438,45102870000,5423.2001953125,39097398000,14872.150390625,3468100000,157642,91.56999969482422,12.06
2005-12-01,1248.2900390625,41756130000,2205.320068359375,34343260000,10717.5,5223910000,673.219970703125,41756130000,5618.7998046875,28936712900,16111.4296875,3239400000,12240,91.16999816894531,11.35
2006-02-01,1280.6600341796875,42859940000,2281.389892578125,37103890000,10993.41015625,5759090000,730.6400146484375,42859940000,5791.5,37360442700,16205.4296875,2767300000,10165,90.11000061035156,12.36
2006-03-01,1294.8699951171875,50905040000,2339.7900390625,47567350000,11109.3203125,6680180000,765.1400146484375,50905040000,5964.60009765625,44156359200,17059.66015625,2389600000,94801,89.7300033569336,11.58
2006-04-01,1310.6099853515625,43308430000,2322.570068359375,39227480000,11367.1396484375,5584020000,764.5399780273438,43308430000,6023.10009765625,30775738400,16906.23046875,2145500000,8121,86.11000061035156,11.75
2006-05-01,1270.0899658203125,54312830000,2178.8798828125,45923780000,11168.3095703125,7360590000,721.010009765625,54312830000,5723.7998046875,40051489900,15467.330078125,2337600000,137161,84.72000122070312,13.879999999999999
2006-06-01,1270.199951171875,54873260000,2172.090087890625,43418010000,11150.2197265625,6959660000,724.6699829101562,54873260000,5833.39990234375,36016491800,15505.1796875,2526300000,6197,85.22000122070312,16.525
2006-07-01,1276.6600341796875,46348220000,2091.469970703125,36405330000,11185.6796875,5548680000,700.5599975585938,46348220000,5928.2998046875,28208524900,15456.8095703125,2085700000,99344,85.30000305175781,14.895
2006-08-01,1303.8199462890625,50485620000,2183.75,38177580000,11381.150390625,4668650000,720.530029296875,50485620000,5906.10009765625,29781300900,16140.759765625,2278400000,4608,85.05000305175781,12.41
2006-09-01,1335.8499755859375,49001440000,2258.429931640625,37304950000,11679.0703125,4494890000,725.5900268554688,49001440000,5960.7998046875,31844288700,16127.580078125,2062500000,17592,85.97000122070312,11.97
2006-11-01,1400.6300048828125,55343930000,2431.77001953125,38943340000,12221.9296875,4722850000,786.1199951171875,55343930000,6048.89990234375,35409313400,16274.330078125,2143600000,114115,82.91999816894531,10.83
2006-12-01,1418.300048828125,47578780000,2415.2900390625,35073670000,12463.150390625,4381310000,787.6599731445312,47578780000,6220.7998046875,25404344600,17225.830078125,2415700000,3823,83.72000122070312,10.850000000000001
2007-01-01,1438.239990234375,56686200000,2463.929931640625,42688490000,12621.6904296875,5075440000,800.3400268554688,56686200000,6203.10009765625,36903883400,17383.419921875,2668700000,101525,84.61000061035156,10.915
2007-02-01,1406.8199462890625,51844990000,2416.14990234375,39700560000,12268.6298828125,4347420000,793.2999877929688,51844990000,6171.5,33113526800,17604.119140625,3256500000,3981,83.56999969482422,10.34
2007-03-01,1420.8599853515625,67622250000,2421.639892578125,43563900000,12354.349609375,5633180000,800.7100219726562,67622250000,6308.0,40662590600,17287.650390625,3402500000,52996,82.93000030517578,14.81
2007-05-01,1530.6199951171875,64958050000,2604.52001953125,44252460000,13627.6396484375,5039850000,847.1799926757812,64958050000,6621.5,40045493000,17875.75,2759200000,158741,82.30000305175781,13.225000000000001
2007-06-01,1503.3499755859375,65322800000,2603.22998046875,45340310000,13408.6201171875,5227620000,833.7000122070312,65322800000,6607.89990234375,39617755800,18138.359375,2726700000,4027,81.91999816894531,14.73
2007-08-01,1473.989990234375,91381760000,2596.360107421875,52126030000,13357.740234375,6199120000,792.8599853515625,91381760000,6303.2998046875,38476548200,16569.08984375,3199300000,8547,80.79000091552734,25.06
2007-09-01,1526.75,57809700000,2701.5,35257250000,13895.6298828125,4328370000,805.4500122070312,57809700000,6466.7998046875,35732252900,16785.689453125,2068700000,27393,77.72000122070312,22.78
2007-10-01,1549.3800048828125,76022580000,2859.1201171875,48751620000,13930.009765625,5010920000,828.02001953125,76022580000,6721.60009765625,41475583200,16737.630859375,2633300000,2720,76.4800033569336,18.8
2007-11-01,1481.1400146484375,86246950000,2660.9599609375,50214790000,13371.7197265625,5980230000,767.77001953125,86246950000,6432.5,32517377600,15680.669921875,3089900000,239351,76.1500015258789,25.61
2007-12-01,1468.3599853515625,64821670000,2652.280029296875,37753390000,13264.8203125,4310320000,766.030029296875,64821670000,6456.89990234375,19604099800,15307.7802734375,2330800000,7681,76.69999694824219,22.075
2008-01-01,1378.550048828125,98475340000,2389.860107421875,55211960000,12650.3603515625,7459830000,713.2999877929688,98475340000,5879.7998046875,34401653400,13592.4697265625,3114100000,231851,75.18000030517578,25.43
2008-02-01,1330.6300048828125,78536130000,2271.47998046875,45767570000,12266.3896484375,5720360000,686.1799926757812,78536130000,5884.2998046875,28408840600,13603.01953125,2916400000,8233,73.70999908447266,25.33
2008-03-01,1322.699951171875,93189170000,2279.10009765625,44966440000,12262.8896484375,6229020000,687.969970703125,93189170000,5702.10009765625,30218452400,12525.5400390625,2821400000,216432,71.80000305175781,26.32
2008-04-01,1385.5899658203125,85978630000,2412.800048828125,42726250000,12820.1298828125,5050840000,716.1799926757812,85978630000,6087.2998046875,25274143900,13849.990234375,2572700000,13006,72.51000213623047,21.425
2008-05-01,1400.3800048828125,80990480000,2522.659912109375,42783110000,12638.3203125,4530790000,748.280029296875,80990480000,6053.5,23305545700,14338.5400390625,2699700000,221797,72.87999725341797,18.18
2008-07-01,1267.3800048828125,124980570000,2325.550048828125,50672460000,11378.01953125,5551580000,714.52001953125,124980570000,5411.89990234375,38130751300,13376.8095703125,2658600000,250610,73.2300033569336,24.14
2008-08-01,1282.8299560546875,86266010000,2367.52001953125,39482890000,11543.9599609375,3578210000,739.5,86266010000,5636.60009765625,23496934500,13072.8701171875,2443300000,9253,77.37999725341797,20.65
2008-09-01,1166.3599853515625,140007320000,2091.8798828125,51722940000,10850.66015625,6302330000,679.5800170898438,141134640000,4902.5,34049796200,11259.8603515625,2905700000,18800,79.44999694824219,31.7
2008-10-01,968.75,159823030000,1720.949951171875,62537120000,9325.009765625,8311580000,537.52001953125,161289700000,4377.2998046875,39422701800,8576.98046875,4267300000,3365,85.62999725341797,62.9
2008-11-01,896.239990234375,115660210000,1535.5699462890625,41933210000,8829.0400390625,6262880000,473.1400146484375,115660210000,4288.0,26771142200,8512.26953125,2850200000,377779,86.5199966430664,61.44
2008-12-01,903.25,112884470000,1577.030029296875,39619890000,8776.3896484375,5701870000,499.45001220703125,112884470000,4434.2001953125,20068050300,8859.5595703125,2663800000,9599,81.30999755859375,53.325
2009-01-01,825.8800048828125,112090640000,1476.4200439453125,39995600000,8000.85986328125,6261980000,443.5299987792969,112090640000,4149.60009765625,27430125500,7994.0498046875,2655200000,215420,86.0,44.115
2009-04-01,872.8099975585938,138855320000,1717.300048828125,48683640000,8168.1201171875,7795900000,487.55999755859375,138855320000,4243.7001953125,25137931400,8828.259765625,3798500000,17300,84.61000061035156,37.81
2009-05-01,919.1400146484375,131614940000,1774.3299560546875,47352030000,8500.330078125,6734390000,501.5799865722656,131614940000,4417.89990234375,22926029100,9522.5,3006700000,234559,80.43000030517578,32.205
2009-06-01,919.3200073242188,112653150000,1835.0400390625,51881250000,8447.0,5524080000,508.2799987792969,112653150000,4249.2001953125,25379501300,9958.4404296875,3795800000,12773,80.12999725341797,29.625
2009-07-01,987.47998046875,106635790000,1978.5,47084360000,9171.6103515625,4902340000,556.7100219726562,106635790000,4608.39990234375,22705926400,10356.830078125,3393000000,177420,78.3499984741211,25.515
2009-08-01,1020.6199951171875,116059270000,2009.06005859375,44011670000,9496.2802734375,4042210000,572.0700073242188,116825670000,4908.89990234375,20616527400,10492.5302734375,2927600000,7492,78.16999816894531,25.01
2009-09-01,1057.0799560546875,112295490000,2122.419921875,49652910000,9712.2802734375,4478480000,604.280029296875,112295490000,5133.89990234375,22518435400,10133.23046875,2585200000,15642,76.6500015258789,24.32
2009-10-01,1036.18994140625,113410990000,2045.1099853515625,50489640000,9712.73046875,5151150000,562.77001953125,113410990000,5044.60009765625,24449723700,10034.740234375,3133500000,3699,76.30000305175781,23.65
2009-12-01,1115.0999755859375,89515330000,2269.14990234375,39269070000,10428.0498046875,4174040000,625.3900146484375,89515330000,5412.89990234375,20435954700,10546.4404296875,3335300000,24177,77.86000061035156,21.369999999999997
2010-01-01,1073.8699951171875,90947580000,2147.35009765625,45625830000,10067.330078125,4424700000,602.0399780273438,90947580000,5188.5,22411336500,10198.0400390625,3461300000,320664,79.45999908447266,19.16
2010-02-01,1104.489990234375,84561340000,2238.260009765625,42835360000,10325.259765625,4279660000,628.5599975585938,84561340000,5354.5,25453436500,10126.0302734375,2486300000,18209,80.36000061035156,21.72
2010-03-01,1169.4300537109375,103683550000,2397.9599609375,54955550000,10856.6298828125,4388530000,678.6400146484375,103683550000,5679.60009765625,25031230400,11089.9404296875,2840200000,222583,81.06999969482422,17.69
2010-04-01,1186.68994140625,116741910000,2461.18994140625,54528540000,11008.6103515625,4237550000,716.5999755859375,116741910000,5553.2998046875,21096454200,11057.400390625,3039100000,10917,81.87000274658203,16.62
2010-05-01,1089.4100341796875,127662780000,2257.0400390625,57203120000,10136.6298828125,5605690000,661.6099853515625,127662780000,5188.39990234375,30624328300,9768.7001953125,3169300000,361661,86.58999633789062,31.655
2010-06-01,1030.7099609375,110106750000,2109.239990234375,48633730000,9774.01953125,4941680000,609.489990234375,110106750000,4916.89990234375,24401952000,9382.6396484375,2699700000,16703,86.0199966430664,29.23
2010-07-01,1101.5999755859375,94778110000,2254.699951171875,43910370000,10465.9404296875,4243320000,650.8900146484375,94778110000,5258.0,20927401400,9537.2998046875,2938300000,267525,81.54000091552734,24.89
2010-09-01,1141.199951171875,79589450000,2368.6201171875,41586870000,10788.0498046875,3764970000,676.1400146484375,79589450000,5548.60009765625,17869511900,9369.349609375,2480200000,33200,78.72000122070312,22.51
2010-10-01,1183.260009765625,89536270000,2507.409912109375,41539760000,11118.490234375,3787250000,703.3499755859375,90148480000,5675.2001953125,16935426300,9202.4501953125,2922000000,3190,77.2699966430664,20.22
2010-11-01,1180.550048828125,87151070000,2498.22998046875,40893560000,11006.01953125,3808130000,727.010009765625,87151070000,5528.2998046875,19371404300,9937.0400390625,2736400000,245327,81.19999694824219,19.56
2010-12-01,1257.6400146484375,80984530000,2652.8701171875,36306890000,11577.509765625,3252900000,783.6500244140625,80984530000,5899.89990234375,13805135600,10228.919921875,2638500000,16511,79.02999877929688,17.58
2011-01-01,1286.1199951171875,92164940000,2700.080078125,40221760000,11891.9296875,3681720000,781.25,92164940000,5862.89990234375,17841124600,10237.919921875,2736000000,299379,77.73999786376953,17.345
2011-02-01,1327.219970703125,59223660000,2782.27001953125,39225340000,12226.33984375,3220480000,823.4500122070312,59223660000,5994.0,16977620800,10624.08984375,3125000000,14468,76.88999938964844,16.59
2011-03-01,1325.8299560546875,89507640000,2781.070068359375,45049990000,12319.73046875,3851830000,843.5499877929688,89507640000,5908.7998046875,19735351900,9755.099609375,4792200000,194338,75.86000061035156,20.21
2011-04-01,1363.6099853515625,77364810000,2873.5400390625,38024600000,12810.5400390625,3321090000,865.2899780273438,77364810000,6069.89990234375,12949138100,9849.740234375,2991400000,15801,72.93000030517578,16.43
2011-06-01,1320.6400146484375,86122730000,2773.52001953125,42570710000,12414.33984375,3876460000,827.4299926757812,86122730000,5945.7001953125,19032766200,9816.08984375,2889600000,15027,74.30000305175781,18.825
2011-07-01,1292.280029296875,81102170000,2756.3798828125,37282980000,12143.240234375,3092480000,797.030029296875,81102170000,5815.2001953125,17010630200,9833.0302734375,2450800000,309932,73.9000015258789,19.28
2011-08-01,1218.8900146484375,108419170000,2579.4599609375,56977870000,11613.5302734375,6203230000,726.8099975585938,108419170000,5394.5,25910288200,8955.2001953125,3428500000,25647,74.12999725341797,35.06
2011-09-01,1131.4200439453125,102786820000,2415.39990234375,42996470000,10913.3798828125,4396520000,644.1599731445312,102786820000,5128.5,20702669900,8700.2900390625,2664200000,31848,78.55000305175781,37.0
2011-10-01,1253.300048828125,98063670000,2684.409912109375,42787830000,11955.009765625,3907730000,741.0599975585938,98063670000,5544.2001953125,17954993900,8988.3896484375,2371900000,2715,76.16999816894531,32.22
2011-11-01,1246.9599609375,84275050000,2620.340087890625,38397210000,12045.6796875,3263110000,737.4199829101562,84275050000,5505.39990234375,21152667800,8434.6103515625,2276100000,257009,78.38999938964844,32.0
2011-12-01,1257.5999755859375,74742430000,2605.14990234375,33177490000,12217.5595703125,3071480000,740.9199829101562,75366190000,5572.2998046875,14853676300,8455.349609375,2086100000,11311,80.16999816894531,25.11
2012-02-01,1365.6800537109375,78385710000,2966.889892578125,37728460000,12952.0703125,2712170000,810.9400024414062,78385710000,5871.5,19080523000,9723.240234375,3455900000,9587,78.7300033569336,18.19
2012-03-01,1408.469970703125,83899660000,3091.570068359375,36686310000,13212.0400390625,3203390000,830.2999877929688,83899660000,5768.5,21190270200,10083.5595703125,3340600000,254540,78.93000030517578,15.535
2012-05-01,1310.3299560546875,86920490000,2827.340087890625,40115930000,12393.4501953125,3050000000,761.8200073242188,86920490000,5320.89990234375,19821912700,8542.73046875,2713200000,345507,83.04000091552734,21.65
2012-06-01,1362.1600341796875,81582440000,2935.050048828125,37458650000,12880.08984375,2923670000,798.489990234375,81582440000,5571.2001953125,18244741900,9006.7802734375,2548800000,11162,81.6500015258789,21.11
2012-08-01,1406.5799560546875,70283810000,3066.9599609375,35708950000,13090.83984375,2267280000,812.0900268554688,70283810000,5711.5,13447450000,8839.91015625,2571500000,11783,81.25,15.32
2012-09-01,1440.6700439453125,69784280000,3116.22998046875,33719730000,13437.1298828125,2701270000,837.4500122070312,69784280000,5742.10009765625,16517517300,8870.16015625,2403400000,25557,79.94000244140625,14.84
2012-10-01,1412.1600341796875,71752320000,2977.22998046875,36367020000,13096.4599609375,2472600000,818.72998046875,71752320000,5782.7001953125,16344114000,8928.2900390625,2738800000,2741,79.91999816894531,16.14
2012-11-01,1416.1800537109375,71489310000,3010.239990234375,36894240000,13025.580078125,2683930000,821.9199829101562,71489310000,5866.7998046875,16159586000,9446.009765625,2687500000,345777,80.1500015258789,16.65
2012-12-01,1426.18994140625,66388180000,3019.510009765625,33522490000,13104.1396484375,2666750000,849.3499755859375,66388180000,5897.7998046875,10068193300,10395.1796875,3432700000,7061,79.7699966430664,16.82
2013-01-01,1498.1099853515625,75848510000,3142.1298828125,39027620000,13860.580078125,2786680000,902.0900268554688,75848510000,6276.89990234375,14215886300,11138.66015625,4335800000,197723,79.20999908447266,13.55
2013-02-01,1514.6800537109375,69273480000,3160.18994140625,35765430000,14054.490234375,2487580000,911.1099853515625,69273480000,6360.7998046875,14127015100,11559.3603515625,5299900000,11784,81.9800033569336,13.5
2013-03-01,1569.18994140625,68527110000,3267.52001953125,33749180000,14578.5400390625,2546320000,951.5399780273438,68527110000,6411.7001953125,15791228900,12397.91015625,4251700000,223847,82.98999786376953,13.105
2013-04-01,1597.5699462890625,77098000000,3328.7900390625,36904330000,14839.7998046875,2920230000,947.4600219726562,77098000000,6430.10009765625,14318860800,13860.8603515625,6211600000,14648,81.7300033569336,13.614999999999998
2013-05-01,1630.739990234375,76447250000,3455.909912109375,39144080000,15115.5703125,2771510000,984.1500244140625,76447250000,6583.10009765625,15759714300,13774.5400390625,7190600000,222108,83.37999725341797,13.100000000000001
2013-06-01,1606.280029296875,74946790000,3403.25,37528250000,14909.599609375,2929040000,977.47998046875,74946790000,6215.5,15906792500,13677.3203125,4755100000,12739,83.16999816894531,16.86
2013-07-01,1685.72998046875,68106820000,3626.3701171875,35889520000,15499.5400390625,2623130000,1045.260009765625,68106820000,6621.10009765625,14667037000,13668.3203125,4145700000,186170,81.44999694824219,13.785
2013-08-01,1632.969970703125,64802810000,3589.8701171875,32934650000,14810.3095703125,2327660000,1010.9000244140625,64802810000,6412.89990234375,13676112800,13388.8603515625,3158800000,10507,82.08999633789062,14.175
2013-10-01,1756.5400390625,76647400000,3919.7099609375,43017190000,15545.75,2206620000,1100.1500244140625,76627760000,6731.39990234375,14042142400,14327.9404296875,3095600000,2723,80.19999694824219,14.71
2013-11-01,1805.81005859375,63628190000,4059.889892578125,35818470000,16086.41015625,1820260000,1142.8900146484375,63509720000,6650.60009765625,12583322200,15661.8701171875,3175900000,270667,80.68000030517578,12.86
2014-01-01,1782.5899658203125,75871910000,4103.8798828125,45227610000,15698.849609375,2177040000,1130.8800048828125,75871910000,6510.39990234375,15183203400,14914.5302734375,3734900000,189701,81.2699966430664,13.28
2014-02-01,1859.449951171875,69725590000,4308.1201171875,39978180000,16321.7099609375,2067820000,1183.030029296875,69725590000,6809.7001953125,17298837700,14841.0703125,3390300000,11943,79.77999877929688,14.51
2014-03-01,1872.3399658203125,71885030000,4198.990234375,46796180000,16457.66015625,2095940000,1173.0400390625,71885030000,6598.39990234375,18328722100,14827.830078125,3011800000,255794,80.0999984741211,14.52
2014-04-01,1883.949951171875,71595810000,4114.56005859375,44391220000,16580.83984375,1986960000,1126.8599853515625,71595810000,6780.0,15498792200,14304.1103515625,2575500000,8265,79.48999786376953,13.82
2014-05-01,1923.5699462890625,63623630000,4242.6201171875,39290130000,16717.169921875,1643160000,1134.5,63623630000,6844.5,13894805500,14632.3798828125,2560200000,211143,80.37000274658203,12.42
2014-07-01,1930.6700439453125,66524690000,4369.77001953125,39536410000,16563.30078125,1690880000,1120.0699462890625,66524690000,6730.10009765625,13168689700,15620.76953125,2467400000,224607,81.45999908447266,12.02
2014-08-01,2003.3699951171875,58131140000,4580.27001953125,33417300000,17098.44921875,1482600000,1174.3499755859375,58131140000,6819.7998046875,10850819300,15424.58984375,2300800000,9633,82.75,12.42
2014-09-01,1972.2900390625,66706000000,4493.39013671875,39631130000,17042.900390625,1870550000,1101.6800537109375,66506610000,6622.7001953125,15417322100,16173.51953125,2530100000,27705,85.94000244140625,12.88
2014-10-01,2018.050048828125,93714040000,4630.740234375,50136190000,17390.51953125,2903240000,1173.510009765625,93694040000,6546.5,20158414000,16413.759765625,3436700000,4510,86.87999725341797,16.53
2014-11-01,2067.56005859375,63600190000,4791.6298828125,32967990000,17828.240234375,1516490000,1173.22998046875,63570190000,6722.60009765625,14266358300,17459.849609375,3155400000,299410,88.36000061035156,13.33
2014-12-01,2058.89990234375,80743820000,4736.0498046875,39587090000,17823.0703125,2216900000,1204.699951171875,80713820000,6566.10009765625,13989469200,17450.76953125,2962900000,11140,90.2699966430664,15.155000000000001
2015-01-01,1994.989990234375,77330040000,4635.240234375,38719030000,17164.94921875,2173260000,1165.3900146484375,77300040000,6749.39990234375,15644596100,17674.390625,2691500000,258615,94.80000305175781,19.455
2015-04-01,2085.510009765625,72060940000,4941.419921875,37409760000,17840.51953125,2174880000,1220.1300048828125,69440940000,6960.60009765625,14644991100,19520.009765625,3047400000,7838,94.5999984741211,13.3
2015-05-01,2107.389892578125,65187730000,5070.02978515625,35994540000,18010.6796875,1832450000,1246.530029296875,65187730000,6984.39990234375,15318287400,20563.150390625,3291500000,258123,96.91000366210938,13.075
2015-06-01,2063.110107421875,73213980000,4986.8701171875,41338820000,17619.509765625,2219240000,1253.949951171875,73192620000,6521.0,16012377600,20235.73046875,3459500000,6252,95.48999786376953,14.015
2015-07-01,2103.840087890625,77920590000,5128.27978515625,40633420000,17689.859375,2034220000,1238.6800537109375,77920590000,6696.2998046875,15435132500,20585.240234375,3318200000,216892,97.37000274658203,13.405
2015-08-01,1972.1800537109375,84626790000,4776.509765625,43408300000,16528.029296875,2726340000,1159.449951171875,84596790000,6247.89990234375,17165806900,18890.48046875,3723100000,13251,95.94999694824219,13.77
2015-09-01,1920.030029296875,79989370000,4620.16015625,41503920000,16284.7001953125,2724080000,1100.68994140625,79958370000,6061.60009765625,17973431900,17388.150390625,3132300000,9119,96.3499984741211,24.25
2015-10-01,2079.360107421875,85844900000,5053.75,42348240000,17663.5390625,2605470000,1161.8599853515625,85804900000,6361.10009765625,15357871100,19083.099609375,2979600000,4321,96.94999694824219,16.11
2015-12-01,2043.93994140625,83649260000,5007.41015625,40617940000,17425.029296875,2521440000,1135.8900146484375,83609260000,6242.2998046875,13433251400,19033.7109375,2749100000,10149,98.62999725341797,17.73
2016-01-01,1940.239990234375,92409770000,4613.9501953125,44877130000,16466.30078125,2844080000,1035.3800048828125,92409770000,6083.7998046875,17403133600,17518.30078125,3235900000,229558,99.61000061035156,23.95
2016-02-01,1932.22998046875,93049560000,4557.9501953125,43108650000,16516.5,2491810000,1033.9000244140625,92998480000,6097.10009765625,19208966500,16026.759765625,4174100000,13930,98.20999908447266,21.744999999999997
2016-03-01,2059.739990234375,92639420000,4869.85009765625,40738880000,17685.08984375,2407750000,1114.030029296875,92639420000,6174.89990234375,16590666300,16758.669921875,3307500000,244751,94.58999633789062,15.870000000000001
2016-04-01,2065.300048828125,81124990000,4775.35986328125,38014300000,17773.640625,2096650000,1130.8499755859375,81124990000,6241.89990234375,15817457800,16666.05078125,3230600000,9954,93.08000183105469,13.96
2016-06-01,2098.860107421875,86852700000,4842.669921875,44213900000,17929.990234375,2350020000,1151.9200439453125,86802700000,6504.2998046875,24836871900,15575.919921875,3093000000,13380,96.13999938964844,17.810000000000002
2016-07-01,2173.60009765625,69530250000,5162.1298828125,36050040000,18432.240234375,1816520000,1219.93994140625,69530250000,6724.39990234375,19192240800,16569.26953125,2816900000,281653,95.52999877929688,12.85
2016-08-01,2170.949951171875,75610310000,5213.22021484375,38754780000,18400.880859375,1695750000,1239.9100341796875,75610310000,6781.5,15725368400,16887.400390625,2675600000,11854,96.0199966430664,12.38
2016-09-01,2168.27001953125,77023620000,5312.0,40112010000,18308.150390625,2101120000,1251.6500244140625,77023620000,6899.2998046875,18132999100,16449.83984375,2493200000,18630,95.45999908447266,13.48
2016-10-01,2126.14990234375,72915530000,5189.14013671875,34708450000,18142.419921875,1793690000,1191.3900146484375,72915530000,6954.2001953125,18708869600,17425.01953125,2222800000,5775,98.44999694824219,14.24
2016-11-01,2198.81005859375,88445380000,5323.68017578125,41950260000,19123.580078125,2107770000,1322.3399658203125,88445380000,6783.7998046875,20197573900,18308.48046875,3226000000,242622,101.5,13.72
2016-12-01,2238.830078125,75344550000,5383.1201171875,38648510000,19762.599609375,5952470000,1357.1300048828125,75344550000,7142.7998046875,14991595900,19114.369140625,3038700000,9972,102.38999938964844,12.22
2017-02-01,2363.639892578125,69260940000,5825.43994140625,36811150000,20812.240234375,6185580000,1386.6800537109375,69260940000,7263.39990234375,16446446100,19118.990234375,2606300000,11087,101.12000274658203,11.49
2017-03-01,2362.719970703125,81664010000,5911.740234375,44064880000,20663.220703125,6941970000,1385.9200439453125,81664010000,7322.89990234375,20039972500,18909.259765625,2646000000,251026,100.3499984741211,11.66
2017-04-01,2384.199951171875,65369860000,6047.60986328125,33894020000,20940.509765625,5392630000,1400.4300537109375,65369860000,7203.89990234375,15771258600,19196.740234375,2178500000,9065,99.05000305175781,12.89
2017-05-01,2411.800048828125,79719460000,6198.52001953125,42405030000,21008.650390625,6613570000,1370.2099609375,79719460000,7520.0,18338797800,19650.5703125,2230200000,404733,96.91999816894531,10.440000000000001
2017-06-01,2423.409912109375,81078810000,6140.419921875,50292320000,21349.630859375,7214590000,1415.3599853515625,81078810000,7312.7001953125,19146718200,20033.4296875,2326500000,8948,95.66000366210938,10.434999999999999
2017-07-01,2470.300048828125,63348090000,6348.1201171875,36228200000,21891.119140625,5569720000,1425.1400146484375,63348090000,7372.0,16029984200,19925.1796875,1790600000,292633,92.86000061035156,10.004999999999999
2017-08-01,2471.64990234375,70784900000,6428.66015625,41368170000,21948.099609375,6150060000,1405.280029296875,70784900000,7430.60009765625,14502712300,19646.240234375,1876000000,10098,92.66999816894531,11.35
2017-09-01,2519.360107421875,66624120000,6495.9599609375,38354650000,22405.08984375,6342130000,1490.8599853515625,66624120000,7372.7998046875,15456243700,20356.279296875,1807500000,26808,93.08000183105469,10.175
2017-11-01,2647.580078125,73416960000,6873.97021484375,42080670000,24272.349609375,7335640000,1544.1400146484375,73416960000,7326.7001953125,18219002800,22724.9609375,1981200000,326214,93.01000213623047,10.2
2017-12-01,2673.610107421875,65531700000,6903.39013671875,38755950000,24719.220703125,6589890000,1535.510009765625,65531700000,7687.7998046875,13803243500,22764.939453125,1539000000,7596,92.12000274658203,10.17
2018-01-01,2823.81005859375,77318690000,7411.47998046875,44694030000,26149.390625,9116920000,1574.97998046875,77318690000,7533.60009765625,16511936800,23098.2890625,1606300000,338322,89.12999725341797,11.08
2018-02-01,2713.830078125,79933970000,7273.009765625,44063140000,25029.19921875,9450250000,1512.449951171875,79933970000,7231.89990234375,16611916700,22068.240234375,1840200000,10243,90.61000061035156,19.85
2018-03-01,2640.8701171875,76803890000,7063.4501953125,48760550000,24103.109375,8873040000,1529.4300537109375,76803890000,7056.60009765625,17113890000,21454.30078125,1732700000,356297,89.97000122070312,18.36
2018-05-01,2705.27001953125,76011820000,7442.1201171875,45761130000,24415.83984375,7278020000,1633.6099853515625,76011820000,7678.2001953125,18687364400,22201.8203125,1607600000,441893,93.98999786376953,13.425
2018-06-01,2718.3701171875,77891360000,7510.2998046875,48573740000,24271.41015625,7411110000,1643.0699462890625,77891360000,7636.89990234375,19442604000,22304.509765625,1513500000,5166,94.62999725341797,12.79
2018-08-01,2901.52001953125,69523070000,8109.5400390625,46197780000,25964.8203125,5635410000,1740.75,69523070000,7432.39990234375,15162821300,22865.150390625,1515200000,5996,95.13999938964844,12.49
2018-09-01,2913.97998046875,63031510000,8046.35009765625,44907360000,26458.310546875,5262500000,1696.5699462890625,63031510000,7510.2001953125,14865089900,24120.0390625,1447600000,23406,95.19000244140625,12.79
2018-10-01,2711.739990234375,91930980000,7305.89990234375,61889960000,25115.759765625,8373350000,1511.4100341796875,91930980000,7128.10009765625,18596140600,21920.4609375,1822800000,4126,97.12999725341797,20.06
2018-11-01,2760.169921875,80620020000,7330.5400390625,48901700000,25538.4609375,7226940000,1533.27001953125,80620020000,6980.2001953125,18276805900,22351.060546875,1534700000,304805,97.2699966430664,19.51
2018-12-01,2506.85009765625,84162180000,6635.27978515625,49224830000,23327.4609375,8101540000,1348.56005859375,84162180000,6728.10009765625,14897127200,20014.76953125,1529200000,4402,96.16999816894531,24.52
2019-01-01,2704.10009765625,80859870000,7281.740234375,49542480000,24999.669921875,7189200000,1499.4200439453125,80859870000,6968.89990234375,14980085300,20773.490234375,1275600000,270998,95.58000183105469,19.07
2019-02-01,2784.489990234375,70638770000,7532.52978515625,42628810000,25916.0,5434540000,1575.550048828125,70638770000,7074.7001953125,13263289400,21385.16015625,1276100000,7989,96.16000366210938,15.38
2019-03-01,2834.39990234375,79159660000,7729.31982421875,49622660000,25928.6796875,6637700000,1539.739990234375,79159660000,7279.2001953125,15186032200,21205.810546875,1396900000,295700,97.27999877929688,14.33
2019-04-01,2945.830078125,70090370000,8095.39013671875,43553400000,26592.91015625,5854600000,1591.2099609375,70090370000,7418.2001953125,13287624400,22258.73046875,1187800000,6961,97.4800033569336,13.11
2019-05-01,2752.06005859375,77250740000,7453.14990234375,47822630000,24815.0390625,6358230000,1465.489990234375,77250740000,7161.7001953125,15295061400,20601.189453125,1458100000,248448,97.75,16.375
2019-06-01,2941.760009765625,71250630000,8006.240234375,44821400000,26599.9609375,5544390000,1566.5699462890625,71250630000,7425.60009765625,14112662400,21275.919921875,1195400000,6517,96.12999725341797,15.865
2019-07-01,2980.3798828125,70599470000,8175.419921875,42846360000,26864.26953125,5207470000,1574.6099853515625,70599470000,7586.7998046875,14244748100,21521.529296875,1168700000,302051,98.5199966430664,12.98
2019-08-01,2926.4599609375,80269220000,7962.8798828125,46323300000,26403.279296875,6196080000,1494.8399658203125,80269220000,7207.2001953125,15937435200,20704.369140625,1373500000,17142,98.91999816894531,18.725
2019-10-01,3037.56005859375,77720640000,8292.3603515625,44203530000,27046.23046875,5660960000,1562.449951171875,77720640000,7248.39990234375,18280051200,22927.0390625,1347900000,5233,97.3499984741211,14.25
2019-11-01,3140.97998046875,72410620000,8665.4697265625,41773310000,28051.41015625,4925180000,1624.5,72410620000,7346.5,14294070300,23293.91015625,1356700000,443701,98.2699966430664,12.649999999999999
2020-01-01,3225.52001953125,77287980000,9150.9404296875,52694760000,28256.029296875,6170770000,1614.06005859375,77287980000,7286.0,13224760700,23205.1796875,1133600000,316262,97.38999938964844,12.98
2020-02-01,2954.219970703125,84436590000,8567.3701171875,53886320000,25409.359375,6991990000,1476.4300537109375,84436590000,6580.60009765625,16563821000,21142.9609375,1396200000,9617,98.12999725341797,15.47
2020-04-01,2912.429931640625,123608160000,8889.5498046875,79171670000,24345.720703125,9805160000,1310.6600341796875,123608160000,5901.2001953125,23791430900,20193.689453125,1837200000,14324,99.0199966430664,41.38
2020-05-01,3044.31005859375,107135190000,9489.8701171875,81175640000,25383.109375,7940630000,1394.0400390625,107135190000,6076.60009765625,21094713000,21877.890625,1539400000,168568,98.33999633789062,30.03
2020-06-01,3100.2900390625,131458880000,10058.76953125,112284350000,25812.880859375,9710480000,1441.3699951171875,131458880000,6169.7001953125,22104672700,22288.140625,1754000000,16436,97.38999938964844,31.775
2020-07-01,3271.1201171875,96928130000,10745.26953125,95054280000,26428.3203125,8210370000,1480.4300537109375,96928130000,5897.7998046875,16153869800,21710.0,1454700000,246967,93.48999786376953,26.685
2020-08-01,3500.31005859375,82466520000,11775.4599609375,78996130000,28430.05078125,7452360000,1561.8800048828125,82466520000,5963.60009765625,11928004700,23139.759765625,1357300000,11710,92.13999938964844,22.54
2020-09-01,3363.0,92310780000,11167.509765625,82496920000,27781.69921875,9973920000,1507.68994140625,92310780000,5866.10009765625,16805999200,23185.119140625,1362400000,17781,93.88999938964844,26.57
2020-10-01,3269.9599609375,89938980000,10911.58984375,78287400000,26501.599609375,8439930000,1538.47998046875,89938980000,5577.2998046875,16276769300,22977.130859375,1148600000,9613,94.04000091552734,28.009999999999998
2020-12-01,3756.070068359375,96375680000,12888.2802734375,112635010000,30606.48046875,8098310000,1974.8599853515625,96375680000,6460.5,16921847100,27444.169921875,1340300000,12142,89.94000244140625,22.384999999999998
2021-01-01,3714.239990234375,106117800000,13070.6904296875,139796850000,29982.619140625,8168770000,2073.639892578125,106117800000,6407.5,15274136000,27663.390625,1388600000,225930,90.58000183105469,23.25
2021-02-01,3811.14990234375,99082320000,13192.349609375,142926770000,30932.369140625,6713920000,2201.050048828125,99082320000,6483.39990234375,16966878000,28966.009765625,1406000000,16813,90.93000030517578,21.99
2021-03-01,3972.889892578125,122371150000,13246.8701171875,134201470000,32981.55078125,9687630000,2220.52001953125,122371150000,6713.60009765625,17975344300,29178.80078125,1956500000,167914,93.2300033569336,20.95
2021-04-01,4181.169921875,83124090000,13962.6796875,91591470000,33874.8515625,6810740000,2266.449951171875,83124090000,6969.7998046875,13581435700,28812.630859375,1231300000,11366,91.27999877929688,17.33
2021-05-01,4204.10986328125,88321860000,13748.740234375,89415440000,34529.44921875,6543360000,2268.969970703125,88321860000,7022.60009765625,14313218800,28860.080078125,1313600000,210133,89.83999633789062,19.314999999999998
2021-06-01,4297.5,102544180000,14503.9501953125,108377000000,34502.51171875,6739760000,2310.550048828125,102544180000,7037.5,14962106000,28791.529296875,1258700000,8466,92.44000244140625,16.54
2021-07-01,4395.259765625,84255620000,14672.6796875,88708530000,34935.46875,6646570000,2226.25,84255620000,7032.2998046875,13589817000,27283.58984375,1108100000,245814,92.16999816894531,17.58
2021-09-01,4307.5400390625,85528860000,14448.580078125,95275100000,33843.921875,6603470000,2204.3701171875,85528860000,7086.39990234375,15689089900,29452.66015625,1561500000,28543,94.25,18.8
2021-10-01,4605.3798828125,80253600000,15498.3896484375,99492020000,35819.55859375,6709650000,2297.18994140625,80253600000,7237.60009765625,15426029100,28892.689453125,1601900000,8208,94.12000274658203,16.86
2021-11-01,4567.0,88268840000,15537.6904296875,109314860000,34483.71875,7201370000,2198.909912109375,88268840000,7059.5,18456189400,27821.759765625,1433700000,221936,95.98999786376953,17.59
2021-12-01,4766.18017578125,92750180000,15644.9697265625,104264460000,36338.30078125,8304570000,2245.31005859375,92750180000,7384.5,14564393900,28791.7109375,1284100000,10803,95.66999816894531,20.439999999999998
2022-01-01,4515.5498046875,95562890000,14239.8798828125,100106820000,35131.859375,8811950000,2028.449951171875,95562890000,7464.39990234375,17923915900,27001.98046875,1387900000,232014,96.54000091552734,21.549999999999997
2022-02-01,4373.93994140625,92667710000,13751.400390625,89543300000,33892.6015625,7256540000,2048.090087890625,92667710000,7458.2998046875,19718352900,26526.8203125,1390900000,9510,96.70999908447266,25.7
2022-03-01,4530.41015625,123546260000,14220.51953125,131081330000,34678.3515625,9154390000,2070.1298828125,123546260000,7515.7001953125,27754790700,27821.4296875,1882500000,157864,98.30999755859375,26.67
2022-04-01,4131.93017578125,90367840000,12334.6396484375,96581010000,32977.2109375,7146800000,1864.0999755859375,90367840000,7544.60009765625,17374689400,26847.900390625,1345900000,7725,102.95999908447266,22.425
2022-06-01,3785.3798828125,106116710000,11028.740234375,113875890000,30775.4296875,7655170000,1707.989990234375,106116710000,7169.2998046875,17794709200,26393.0390625,1637700000,7851,104.69000244140625,28.259999999999998
2022-07-01,4130.2900390625,81688320000,12390.6904296875,94293720000,32845.12890625,6354530000,1885.22998046875,81688320000,7423.39990234375,16880458400,27801.640625,1339300000,194989,105.9000015258789,24.69
2022-08-01,3955.0,92252350000,11816.2001953125,110367680000,31510.4296875,6960090000,1844.1199951171875,92252350000,7284.2001953125,14748978900,28091.529296875,1397800000,11161,108.69999694824219,21.77
2022-09-01,3585.6201171875,94241020000,10575.6201171875,98888530000,28725.509765625,7785160000,1664.719970703125,94241020000,6893.7998046875,21881336000,25937.2109375,1377200000,41586,112.12000274658203,26.605
2022-10-01,3871.97998046875,95823760000,10988.150390625,98292380000,32732.94921875,7758140000,1846.8599853515625,95823760000,7094.5,18562316200,27587.4609375,1435500000,8817,111.52999877929688,30.1
2022-11-01,4080.110107421875,92671910000,11468.0,101572370000,34589.76953125,7214910000,1886.5799560546875,92671910000,7573.10009765625,17021630000,27968.990234375,1555800000,161813,105.94999694824219,23.630000000000003
2022-12-01,3839.5,85249330000,10466.48046875,100007430000,33147.25,6980640000,1761.25,85249330000,7451.7001953125,12559415600,26094.5,1484200000,9347,103.5199966430664,21.97
2023-02-01,3970.14990234375,80392280000,11455.5400390625,99644100000,32656.69921875,6105230000,1896.989990234375,80392280000,7876.2998046875,16667898300,27445.560546875,1369700000,10398,104.87000274658203,20.255000000000003
2023-03-01,4109.31005859375,113094800000,12221.91015625,120323510000,33274.1484375,8080340000,1802.47998046875,113094800000,7631.7001953125,22521536600,28041.48046875,1782200000,104261,102.51000213623047,21.38
2023-04-01,4169.47998046875,70861260000,12226.580078125,90509520000,34098.16015625,5336390000,1768.989990234375,70861260000,7870.60009765625,13499372100,28856.439453125,1305200000,7282,101.66999816894531,17.8
2023-05-01,4179.830078125,88929200000,12935.2900390625,101290320000,32908.26953125,6622820000,1749.6500244140625,88929230000,7446.10009765625,18165990600,30887.880859375,1779800000,215367,104.31999969482422,17.46
2023-06-01,4450.3798828125,87983140000,13787.919921875,107650300000,34407.6015625,6973110000,1888.72998046875,87983140000,7531.5,16089608200,33189.0390625,2093700000,6383,102.91000366210938,13.88
2023-07-01,4588.9599609375,75063200000,14346.01953125,96983440000,35559.53125,6364870000,2003.1800537109375,71250730000,7699.39990234375,13603497200,33172.21875,1923900000,220474,101.86000061035156,13.7
2023-08-01,4507.66015625,86840820000,14034.9697265625,110754840000,34721.91015625,7048360000,1899.6800537109375,86840820000,7439.10009765625,15665960700,32619.33984375,1973300000,9086,103.62000274658203,15.96
2023-09-01,4288.0498046875,73482980000,13219.3203125,94727650000,33507.5,6186180000,1785.0999755859375,73482980000,7608.10009765625,14522839000,31857.619140625,2103300000,19996,106.16999816894531,14.23
2023-11-01,4567.7998046875,80970570000,14226.2197265625,95884580000,35950.890625,6275680000,1809.02001953125,80970570000,7453.7998046875,15440590100,33486.890625,2121500000,199965,103.5,14.165
2023-12-01,4769.830078125,81530670000,15011.349609375,120361680000,37689.5390625,6326740000,2027.0699462890625,81530670000,7733.2001953125,15682233700,33464.171875,2079300000,8723,101.33000183105469,12.595
2024-01-01,4845.64990234375,81737880000,15164.009765625,111351260000,38150.30078125,7141910000,1947.3399658203125,81737880000,7630.60009765625,19386620600,36286.7109375,2081800000,184500,103.2699966430664,13.280000000000001
2024-02-01,5096.27001953125,82066930000,16091.919921875,106763830000,38996.390625,6258860000,2054.840087890625,82066930000,7630.0,23461838100,39166.19140625,2433700000,10472,104.16000366210938,13.85
2024-03-01,5254.35009765625,86299510000,16379.4599609375,106387420000,39807.37109375,7300670000,2124.550048828125,86299510000,7952.60009765625,24521204100,40369.44140625,2518700000,241903,104.55000305175781,13.785
2024-04-01,5035.68994140625,81747170000,15657.8203125,107535290000,37815.921875,7743400000,1973.9100341796875,81747170000,8144.10009765625,21908724500,38405.66015625,2522300000,8117,106.22000122070312,15.745000000000001
2024-05-01,5277.509765625,86849720000,16735.01953125,140039820000,38686.3203125,7502120000,2070.1298828125,86849720000,8275.400390625,22052384800,38487.8984375,2632400000,154217,104.66999816894531,12.92
2024-06-01,5460.47998046875,76025620000,17732.599609375,107772060000,39118.859375,7213580000,2047.68994140625,76025620000,8164.10009765625,18910547600,39583.078125,2209000000,7958,105.87000274658203,12.645
2024-07-01,5522.2998046875,80160390000,17599.400390625,119005630000,40842.7890625,7507140000,2254.47998046875,80160390000,8368.0,16067728100,39101.8203125,2570500000,155434,104.0999984741211,13.19
2024-08-01,5648.39990234375,81097300000,17713.619140625,121239310000,41563.078125,8368220000,2217.6298828125,81097300000,8376.599609375,18173603500,38647.75,3034000000,12103,101.69999694824219,16.689999999999998
2024-10-01,5705.4501953125,82412430000,18095.150390625,132373190000,41763.4609375,7172340000,2196.64990234375,79037940000,8110.10009765625,18883272800,39081.25,2613600000,4495,103.9800033569336,19.7
2024-11-01,6032.3798828125,84101980000,19218.169921875,146515010000,44910.6484375,10146270000,2434.72998046875,84101980000,8287.2998046875,17916049300,38208.03125,2649300000,307970,105.73999786376953,15.2
